,BARLOCINI BAR AND LOUNGE,BAR,AGEGE LAGOS,AGEGE,AGEGE,SW,NIGERIA,J8CJ+Q8 Lagos,8054053238,"16 Emiloju St, behind Stadium, Agege, Lagos"
,ROCKVIEW BAR AND LOUNGE ,BAR,102212 LAGOS,AGEGE,AGEGE,SW,NIGERIA,J8FM+3V Lagos,8139200130,"30 Shobowale St, Agege 102212, Lagos"
,OVERDRIVE LOUNGE IJAIYE ,BAR ,OGBA ROAD ,AGEGE ,IJAIYE,SW,NIGERIA,J89J+8Q Lagos,8025352760,"89, Ogba Road, after Addide, Lagos"
,VERONICA LOUNGE AND BAR ,BAR,102212 LAGOS ,AGEGE,AGEGE,SW,NIGERIA,J8CM+27 Lagos,7062921886,"Shop 209, Favour Plaza, 303 Old Abeokuta Rd, Agege 102212, Lagos"
,BIMZ  LOUNGE ,BAR ,101232 LAGOS ,AGEGE ,IFAKO,SW,NIGERIA,J8MH+2J Lagos,8183903375,"41-39 Unity Zone, Ifako Agege 101232, Lagos"
,CRESPO BAR AND LOUNGE ,BAR ,101212 LAGOS ,AGEGE,IJAIYE,SW,NIGERIA,J87H+GR Ikeja,8138719268,"Shop No. 216, Phase 1, Ashade Market, Ijaiye 102212, Ikeja"
,3AD PREMIUM LOUNGE ,BAR ,AKOWONJO ROAD ,AGEGE ,AKOWONJO,SW,NIGERIA,J826+W2 Lagos,9066317035,"41 Shasha road, Akowonjo Round about, Akowonjo Rd, opp. Access bank, Lagos"
,SOLOCHUS BAR AND CLUB,BAR ,100001 LAGOS ,AGEGE,AGEGE,SW,NIGERIA,J8GF+RM Lagos,8140108782,"11 Sunmonu St, Agege 100001, Lagos"
,GRAND REPUBLIK BAR & LOUNGE  ,BAR AND GRILL ,ABULE EGBA LAGOS ,AGEGE,ABULE EGBA ,SW,NIGERIA,J8X6+99 Lagos,8131943200,"296 Agege Motor road, Oko-Oba Rd, Abule Egba, Lagos"
,CLASSICS BARS ,BAR ,OGBA ROAD ,AGEGE,OGBA,SW,NIGERIA,J89M+58 Lagos,8064001120,"2, oluwole Street,ogba road agege, 300001, Ogba road agege"
,AVI LOUNGE ,BAR ,102213 LAGOS,AGEGE,ALIMOSHO,SW,NIGERIA,J854+XF Lagos,8063652490,"4 Irepodun St, Alimosho 102213, Lagos"
,TOSDAMKAF BAR ,BAR AND GRILL ,101212 LAGOS ,AGEGE,IPAJA ROAD ,SW,NIGERIA,J8G5+FF Lagos,7035703438,"206 Ipaja Rd, Agege 102212, Lagos"
,GEZ LOUNGE ND RESTAURANT ,LOUNGE ,ABATAN RD ,AGEGE,YAYA ABATAN ,SW,NIGERIA,J8PV+F3 Lagos,8054068457,"22, Yaya Abatan Rd, Lagos"
,LAITANO LOUNGE ,LOUNGE ,101212 LAGOS ,AGEGE,AGEGE ,SW,NIGERIA,J8Q7+Q2 Lagos,8033257332,"Arubo St, Agege 102212, Lagos"
,LOUNGE 95,LOUNGE ,101232 LAGOS ,AGEGE,IFAKO ,SW,NIGERIA,J8RF+M8 Lagos,8107745699,"95 Iju Rd, Ifako Agege 101232, Lagos"
,DE SYNERGI LOUNGE,BAR AND  GRILL,102213 LAGOS ,AGEGE,EGBEDA ,SW,NIGERIA,J825+WH Lagos,8165077484,"163 Akowonjo Rd, Egbeda 102213, Lagos"
,IBILE FOODS AND LOUNGE |ABULE EGBA| BEST RESTAURANT IN LAGOS NIGERIA ,AFRICAN RESTAURANT ,101232 LAGOS ,AGEGE,IFAKO IJAIYE ,SW,NIGERIA,M823+57 Lagos,8039126113,"No 18 Lagos-Abeokuta Expy, beside Mobil Filling Station, Ifako-Ijaiye 101232, Lagos"
,OJULARI BAR ,BAR ,POWA LINE LAGOS ,AGEGE,ELERE ,SW,NIGERIA,J8JC+44 Lagos,8029726488,"Shop No. 49, Elere Police Station, Powa Line, Lagos"
,LOUNGE 526,LOUNGE ,100276 ABULE EGBA ,AGEGE,ABULE EGBA ,SW,NIGERIA,M836+2C Ojokoro,8188554509,"49 Charity road 54 progress college road Alimosho Local Government Area, Abule Egba 100276"
,EASYLIFE BAR ,WINE BAR ,OLUWOLE OLANIYAN STRT ,AGEGE,IYANA IPAJA ,SW,NIGERIA,J8C3+2C Lagos,8036598728,"Iyana Ipaja, Alomosho, Iyana Ipaja, 57 Oluwole Olaniyan St, Agege, Lagos"
,135 BAR RESTAURANT & LOUNGE ,BAR ,101213 LAGOS ,AGEGE,IKOTUN ,SW,NIGERIA,H785+GX Lagos,8021200595,"135 Governor's Rd, Ikotun 102213, Lagos"
,OLIVAZ BAR & LOUNGE ,BAR,OJODU LAGOS ,AGEGE ,OJODU ,SW,NIGERIA,J8WX+53 Lagos,8110281167,"16 Abdullahi Street Ojodu, Lagos"
,ACE LOUNGE ,LOUNGE ,100218 LAGOS,AGEGE,OGBA ,SW,NIGERIA,J8MR+FV Lagos,8127581156,"Odo-eran, 3b Ijaiye Rd, Ogba 100218, Lagos"
,EAGLE LOUNGE ,BAR,101233 LAGOS,AGEGE,OJODU ,SW,NIGERIA,J8VW+F8 Lagos,9038359193,"12 Bintu St, Ojodu 101233, Lagos"
,THE PLACE RESTAURANT AND LOUNGE ,RESTAURANT ,101213 LAGOS ,AGEGE,IKOTUN ,SW,NIGERIA,H749+6M Lagos,8025598405,"79 Egbe Rd, Ikotun 102213, Lagos"
,OLADEKE BAR & LOUNGE ,BAR ,101233 LAGOS ,AGEGE ,OJODU ,SW,NIGERIA,J9V9+F3 Ojodu Berger,8085838781,"49 Oremeta Street, Ojodu 101233, Ojodu Berger"
,CHANELROSE BAR AND LOUNGE ,BAR ,OKO OBA RD ABULE EGBA ,AGEGE ,ABULE EGBA ,SW,NIGERIA,M847+VR Lagos,8143915527,"7 Jonathan cocker iju fagba road Amala junction Ifako ijaye ojokoro, Oko-Oba Rd, Abule Egba, Lagos"
,THE GAMES PLACE LOUNGE AND BAR ,BAR ,OKE ODO LAGOS ,AGEGE ,OKE ODO ,SW,NIGERIA,J7PR+PH Lagos,8141816262,"5 Adesina Street, Ile-Olopa Bus Stop Old Ota Road, Ile Epo, Oke Odo Alimosho Local Government Area Ile-Epo, Oke Odo, Lagos"
,KODELAND SPORTS BAR ,BAR ,100275 LAGOS,AGEGE,ALIMOSHO,SW,NIGERIA,H7XH+HM Lagos,8026190001,"31 Road, E Close, House 1, Gowon Estate FHA Ipaja, Alimosho 100275, Lagos"
,GENESIS RESTAURANT AND BAR ,BAR ,102213 LAGOS,AGEGE,EGBEDA ,SW,NIGERIA,H8V3+F7 Lagos,8033297689,"144 Shasha Rd, Egbeda 102213, Lagos"
,87 GRILL AND BAR ,BAR,102213 LAGOS,AGEGE ,ALIMOSHO,SW,NIGERIA,J76M+2Q Lagos,9056874005,"Church St, Alimosho 102213, Lagos"
,KODELAND SPORTS BAR ,LOUNGE ,102213 LAGOS,AGEGE ,EGBE ,SW,NIGERIA,H76F+M4 Lagos,9038400000,"92 Ikotun - Idimu Rd, Egbe 102213, Lagos"
,RORAL DINERS BAR & CLUB A.K.A ORI OKE BAR ,BAR ,IJU ROAD AGEGE ,AGEGE ,IJU ROAD ,SW,NIGERIA,J8HF+4V Ikeja,8056763410,"Pen - Cinema Round About, 24 Iju Rd, Agege, Ikeja"
,DE PALACE BAR ,BAR ,300001 EGBEDA ,AGEGE ,EGBEDA ,SW,NIGERIA,J73M+G7 Lagos,8060628326,"34, Road, H Close, Gowon Estate, Egbeda, Egbeda 300001, Lagos"
,ZUN PARADISE LOUNGE 7 VIP BAR ,BAR ,102213 LAGOS ,AGEGE ,ABORU ,SW,NIGERIA,J7MJ+V7 Lagos,8033193257,"1 Omoanon Edogun Ave, aboru 102213, Lagos"
,PEDRO BAR ,BAR ,IFAKO-IJAIYE LAGOS ,AGEGE ,IFAKO-IJAIYE ,SW,NIGERIA,M85F+35 Lagos,7065518244,"Fagba Bus Stop, 117 Iju Rd, Ifako-Ijaiye, Lagos"
,RUBIES LOUNGE ,LOUNGE ,102213 LAGOS ,AGEGE ,ALIMOSHO,SW,NIGERIA,J72W+6R Lagos,8133248800,"62 Akowonjo Rd, Alimosho 102213, Lagos"
,6:45 BAR & LOUNGE ,BAR ,102213 LAGOS ,AGEGE ,ABULE EGBA ,SW,NIGERIA,J7WX+WQ Lagos,8033254566,"1-21 Abubakar St, Abule Egba 102213, Lagos"
,KIKI WINE BAR ,BAR ,300001 LAGOS,AGEGE ,OGBA ,SW,NIGERIA,J8VM+3Q Lagos,7038383343,"2 onijomo street haruna inside off college road, Ogba 300001, Lagos"
,IMULE CHAMBER ,BAR,101212 LAGOS ,AGEGE ,IJAIYE,SW,NIGERIA,J8FM+9Q Lagos,8037171569,"Lagos St, Ijaiye 102212, Lagos"
,MOSEBOLATAN COOL BAR ,BAR ,101232 LAGOS ,AGEGE ,AGEGE ,SW,NIGERIA,M88H+6R Lagos,8027518646,"1 Oladele Ogundeji St, Agege 101232, Lagos"
,FULL MOON BAR ,BAR ,OGBA OJODU ,AGEGE ,OGBA OJODU ,SW,NIGERIA,J8HR+VX Ojodu,8136205629,"Oluwole Compound, Ogba, Ojodu"
,MAINTAIN LOUNGE ,BAR ,100218 LAGOS ,AGEGE ,OGBA ,SW,NIGERIA,J8WV+VX Lagos,8022898970,"No 51 ayo alabi street mobil bus stop oke ira lagos ojodu lga lagos Lagos NG, 100218, ogba"
,FAAJI BAR & LOUNGE ,BAR ,IPAJA LAGOS ,AGEGE ,IPAJA  ,SW,NIGERIA,C8V9+J4 Lagos,9062638691,"No. 4 onifade way, off Isaac shonekan ipaja, Lagos"
,K & C EVENTS BAR ,BAR ,102212 LAGOS ,AGEGE ,AGEGE ,SW,NIGERIA,JBV4+GVJ Agege ,8127446568,"J8V4+GVJ, Agege 102212, Lagos"
,MADAM DE QUEEN BAR ,BAR ,AGEGE LAGOS ,AGEGE ,IYANA IPAJA ,SW,NIGERIA,J78X+Q2 Lagos,8023866010,"Shop No. 12, Off New Ipaja Road, Iyana Ipaja, 2 Ige St, Agege, Lagos"
,SKYLITE BAR ,BAR ,112105 LAGOS ,AGEGE ,IJU  ,SW,NIGERIA,M8FF+9F Lagos,8036967800,"1 Sam B Esan Ave, Iju 112105, Lagos"
,TRIBUNAL CAR WASH AND BAR ,BAR ,102212 KAGOS ,AGEGE ,MAGBON ,SW,NIGERIA,J8G6+82 Lagos,8136414827,"199 Ipaja Rd, Magbon 102212, Lagos"
,ASO ROCK RESTAURANT ,RESTAURANT ,102213 LAGOS ,AGEGE ,IDIMU,SW,NIGERIA,J72R+4J Lagos,9025592606,"Ararat Street, Idimu 102213, Lagos"
,CJ RESTAURANT BAR ,BAR ,300001 LAGOS ,AGEGE ,ABULE EGBA ,SW,NIGERIA,J7VQ+G5 Lagos,8066444776,"43,ekoro road, abule egba, 300001, Lagos"
,OBINNA BAR ,BAR ,101232 LAGOS ,AGEGE ,IJU,SW,NIGERIA,M85J+FV Lagos,7017290945,"1 Kajola Rd, Iju 101232, Lagos"
,DE DEMS NIGHT CLUB ,BAR ,102213 LAGOS ,AGEGE ,EGBEDA ,SW,NIGERIA,J824+Q2 Lagos,9038062967,"1 Ajimotogan St, Egbeda 102213, Lagos"
,CHIMNEY BAR ,BAR ,MOSAN IPAJA ROAD ,AGEGE ,MOSAN ,SW,NIGERIA,J74H+XX Lagos,8095291243,"12 ifelodun Street, Off church street, Mosan, Ipaja road, Lagos"
,GOLDEN GARDEN BAR ,BAR ,340241 LAGOS ,AGEGE ,OKI ARO  ABULE OKI,SW,NIGERIA,M8M8+PW Lagos,8158330210,"Abule Oki Aro beside African church Oki Aro bus stop, 340241, Lagos"
BADAGRY,,,,,,,,,,
,PRINCESS BAR & RESTAURANT ,BAR,SEME ROAD BADAGRY,BADAGRY,BADAGRY,SW,NIGERIA,CVGQ+RV Badagry,8164382238,"Opposite Sky Bank, 38 Seme Road, Badagry"
,KINGS ARENA BAR  AND LOUNGE ,BAR ,MARINA  ROAD BADAGRY ,BADAGRY,BADAGRY ,SW,NIGERIA,CV8G+3Q Badagry,8065912670,"Marina road, Badagry, Lagos"
,DOWN TOWN BAR ,BAR ,"OKO AFO, AYOBO ROAD ",BADAGRY,AYOBO,SW,NIGERIA,CVJQ+J3 Badagry,8167918756,"Front of Corner Stone Oko-Afo along badagry expressway opposite yobo filling, station, Badagry"
,EXCELLENT BAR ,BAR ,BADAGRY ROUNDABOUT BADAGRY ,BADAGRY ,BADAGRY ,SW,NIGERIA,CVGQ+RV Badagry,7037859270,"Badagry Round About, 44 Seme Road, Badagry"
,TUNICS BAR ,WINE BAR ,SEME ROUNDABOUT BADAGRY ,BADAGRY ,BADAGRY ,SW,NIGERIA,CVGQ+RX Badagry,8132547123,"Seme Road, Roundabout, Lagos Badagry, Badagry"
,JABADY STORE ,BAR ,103242 BADAGRY ,BADAGRY ,BADAGRY,SW,NIGERIA,CVGR+XM Badagry,8038206623,"Ajaradokor Road, 103242, Badagry"
,PALACE BAY BAR ,BAR ,103101 BADAGRY ,BADAGRY ,BADAGRY ,SW,NIGERIA,CV8G+5M Badagry,8033297953,"Marina Rd, 103101, Badagry"
,CHIARMAN BAR AND GRASSCUTTER PEPPERSOUP BAR ,RESTAURANT ,MAMMY MARKET BADAGRY ,BADAGRY ,BADAGRY ,SW,NIGERIA,CWR7+7G Badagry,8033603420,"shop no b7/b8 ibereko mammy mkt, Badagry"
,IYA ASUMO BEER PALOUR ,BAR ,AJARA OLD LAGOS ROAD BADAGRY ,BADAGRY ,AJARA,SW,NIGERIA,CVHR+RQ Badagry,8128224429,"Opposite MRS Fuel Station, Opposite Nitel, Ajara, Old Lagos Rd, Badagry"
,KAYUS STORE ,WINE BAR ,SEME ROAD BADAGRY ,BADAGRY,BADAGRY ,SW,NIGERIA,CVGR+P2 Badagry,7025418765,"By Badagry Wabout, Badagry, Seme Road, Badagry"
,OBONG RESTAURANT ,FAST FOOD RESTAURANT ,AJARA BADAGRY ,BADAGRY ,AJARA ,SW,NIGERIA,CVHR+VM Badagry,8063258741,"Badagry, 14 Secreterial Road, Ajara, Badagry"
,YUSAXIFSTORE ,BAR ,103242 BADAGRY ,BADAGRY ,BADAGRY ,SW,NIGERIA,CVPQ+4Q Badagry,8098559116,"Inspectorate Rd, 103242, Badagry"
,IYA TOGO FOOD CANTEEN ,RESTAURANT ,BADAGRY ROUNDABOUT SEME ROAD ,BADAGRY ,BADAGRY ,SW,NIGERIA,CVGR+R3 Badagry,8068524122,"Badagry Round About, 99 Seme Road, Badagry"
,CHIDALU RESTAURANT AND BAR ,RESTAURANT ,SASHI 102101 LAGOS ,BADAGRY ,SASHI ,SW,NIGERIA,F5MC+6V Lagos,8025413698,"KM 22 sashi, Badagry Express way, iyana 102101, Lagos"
,ROYAL DELICACY RESTAURANT ,RESTAURANT ,103242 BADAGRY ,BADAGRY ,BADAGRY ,SW,NIGERIA,CVPX+PM Badagry,8135030855,"Old Badagry Express Way, 103242, Badagry"
,EBERE BAR AND RESTAURANT ,RESTAURANT ,102101 OJO LAGOS ,BADAGRY ,OJO,SW,NIGERIA,F5MC+7C Lagos,8036980861,"Lagos - Badagry Expy, Ojo 102101, Lagos"
,JEMBE DINE WINE ,FAMILY RESTAURANT ,AJARA LAGOS ,BADAGRY ,AJARA TOPA ,SW,NIGERIA,CVGM+R7 Badagry,7055456228,"Ajara topa junction off badagry seme expressway Badagry local government, 103101, Lagos"
,IYA JUMMY ,WINE BAR ,SEME ROAD BADAGRY ,BADAGRY ,BADAGRY ,SW,NIGERIA,CVGQ+QP Badagry,8032452685,"By Badagry Roundabout, Seme Road, Badagry"
,ENJOY BAR AND RESTAURANT ,BAR ,SEME ROAD BADAGRY ,BADAGRY ,BADAGRY ,SW,NIGERIA,CVGQ+RX Badagry,8025340595,"Opposite Skye Bank, 32 Seme Road, Badagry"
,SHINE ON VENTURES ,BAR ,AJARA BADAGRY ,BADAGRY ,AJARA ,SW,NIGERIA,CVFG+MJ Badagry,7086325487,"28 Ajara Dokohme Rd, 103242, Badagry"
,AYAW BAR ,WINE BAR ,SEME ROAD BADAGRY ,BADAGRY ,BADAGRY ,SW,NIGERIA,CVGQ+QW Badagry,8025689653,"By Badagry Round About, Seme Road, Badagry"
,CALABAR KITCHEN ,RESTAURANT ,SECRETARIAT ROAD BADAGRY ,BADAGRY ,AJARA,SW,NIGERIA,CVHR+VQ Badagry,8166597217,"Opposite MRS Fuel Station, Ajara, Secretariat Road, Badagry"
,ST RITCH MALL & CUISINE ,RESTAURANT ,103211 BADAGRY ,BADAGRY ,LOCAL GOVERNMENT BADAGRY ,SW,NIGERIA,CVJQ+J3 Badagry,9043500900,"Local Government, Beside NNPC filling Station, Adelabu St, 103211, Badagry"
,FM RESTAURANT ,RESTAURANT ,AJARA BADAGRY ,BADAGRY ,AJARA ,SW,NIGERIA,CVHR+VQ Badagry,7031813347,"Ajara, Old Lagos Rd, Badagry"
,RYHANCOOKS ,RESTAURANT ,103101 BADAGRY ,BADAGRY ,SOGLO,SW,NIGERIA,CV7H+WQ Badagry,8100398096,"Soglo Way, 103101, Badagry"
,GABBYZ PIZZA AND GRILLS ,FAST FOOD RESTAURANT ,103101 BADAGRY ,BADAGRY ,MARINA ,SW,NIGERIA,CV6J+VW Badagry,8079528051,"Local Government Area, 105 Marina Rd, opposite 103, 103101, Badagry"
,OMEIKA STAINLESS HOTEL AND RESTAURANT ,RESTAURANT ,AGUMO MARKET BADAGRY ,BADAGRY ,OKUAFO,SW,NIGERIA,FXWX+52 Ilogbo Eremi,8034223377,"Lagos Badagry okuafo after Agumo Market by right before health center Lagos, Badagry"
,OBAKEN MULTIPURPOSE EVENT CENTRE ,RESTAURANT ,103101 BADAGRY ,BADAGRY,BADAGRY ,SW,NIGERIA,F2G9+59 Ilogbo Eremi,8034002847,"Lagos - Badagry Expy, 103101"
,OGBONA BAR ,BAR ,IYANABA BADAGRY ,BADAGRY,IYANABA ,SW,NIGERIA,F58V+7H Lagos,8106932134,"Shop No. L 44, Alabarago Market, Iyanaba, Lagos - Badagry Expy, Lagos"
,DE-TWINS RESTAURANT ,RESTAURANT ,102101 OJO LAGOS ,BADAGRY,OJO,SW,NIGERIA,F5GH+3X Lagos,8033018788,"Shop No 1, Hassan Estate, Afromedia Road, Off Badagry Expressway, Ojo 102101, Lagos State"
,B& B COOL BAR ,BAR ,OJO BADAGRY EXPR WAY ,BADAGRY ,OJO ,SW,NIGERIA,F58V+8J Lagos,7033568525,"Alaba Modern Market, Alaba Rago, Ojo, Lagos - Badagry Expy, Lagos"
,IYA LATEEF RESTAURANT ,RESTAURANT ,ABULE ADO BADAGRY ,BADAGRY ,ABULE ADO ,SW,NIGERIA,F734+W4 Lagos,8025904609,"444 OLD OJO ROAD,OFF BADAGRY EXPREASS WAY ABULE ADO BUS STOP, 102262, Lagos"
,THE 60'S BAR AND RESTAURANT ,BAR ,IJEGUN IMORE SETELLITE TOWN ,BADAGRY ,SATELLITE TOWN ,SW,NIGERIA,C7QG+M3 Lagos,8063488065,"Plot 7 David street, Ijegun Imore, new site estate, Satellite Town, Lagos"
,AR-RAHKAB BEACH AND HOLIDAY RESORT ,RESTAURANT ,BADAGRY BEACH 103211,BADAGRY ,BADAGRY ,SW,NIGERIA,9QMG+RHF BADAGRY,8023522537,"9QMG+RHF, 103211, Badagry"
,MIKCHIK CHUMB ,RESTAURANT ,PACO IJANIKIN ,BADAGRY ,IJANIKIN ,SW,NIGERIA,G32X+3H Lagos,8037374770,"No1 Peter Idosa Street, Paco Iyana Era, Ijanikin, Badagry Express Way, Lagos"
,EMEKA SPOT ,WINE BAR ,ALABA RAGO OJO ,BADAGRY ,ALABA RAGO,SW,NIGERIA,F58V+9J Lagos,8088462378,"Alaba Rago Modern Market, Abuja Line, Alaba Rago, Ojo, Lagos - Badagry Expy, Lagos"
,FRESH POINT ,BAR AND GRILL ,103101 BADAGRY ,BADAGRY,BADAGRY ,SW,NIGERIA,G97C+65 Lagos,8037155449,"1 azikiwe, Badagry"
,THE SOLID WINE ,BAR ,ALABA RAGO OJO ,BADAGRY ,ALABA RAGO OJO ,SW,NIGERIA,F58V+8J Lagos,7069100189,"Alaba Rago Modern Market, Alaba Rago, Ojo, Lagos - Badagry Expy, Lagos"
,PAMARS BACKYARD BAR AND GRILL ,BAR AND GRILL ,102101 OJO LAGOS ,BADAGRY ,OJO ,SW,NIGERIA,F653+FP Lagos,9064629470,"45 Costain Rd, Ojo 102101, Lagos"
,STATUS RESTAURANT ,RESTAURANT ,112102 AGBARA ,BADAGRY ,AGBARA ,SW,NIGERIA,G36J+F54 AGBARA,9015180417,"G36J+F54, 112102, Agbara"
,CITYWALK BAR ,BAR ,103101 MAGBON ,BADAGRY ,MAGBON ,SW,NIGERIA,F3M2+82J MAGBON ,8105194056,"F3M2+82J, 103101, Magbon"
EPE,,,,,,,,,,
,OLUWARANT RESTAURANT AND BAR ,RESTAURANT ,106101 EPE ,EPE,EPE,SW,NIGERIA,HXJ5+FR Epe,9067089935,"40 Babatunde Bakare St, 106101, Epe"
,DESWISH BAR ,BAR ,106103 EPE,EPE,NOFORIJA,SW,NIGERIA,JXJQ+49 Epe,8102204978,"1 aladeshoyin road, Noforija 106103, Epe"
,KIKEOMO,BAR,106101 EPE ,EPE,EPE,SW,NIGERIA,HXPM+W4 Epe,9067843563,"Billy St, 106101, Epe"
,ONTARIO FOOD PLACE ,RESTAURANT ,234001 EPE ,EPE,LAGOS IKORODU EXPR WAY ,SW,NIGERIA,HWQX+3Q Epe,8021156682,"Km 10, T-Juncture, Lagos-Ikorodu Expressway, Epe, Lagos Epe, 234001, Epe"
,VAL TIMES RESTAURANT ,RESTAURANT ,105101  EPUTU ,EPE,EPUTU,SW,NIGERIA,FPFC+2X Eputu Town,8023324817,"KM 35 Lekki - EPE Expy, 105101, Eputu Town"
,CLASSIC RESTAURANT AND BAR ,BAR ,106104 LAGOS ,EPE,LKKI EPE EXPR WAY ,SW,NIGERIA,FJCP+9H Lekki,8038259998,"Lekki - Epe Expy, Eti-Osa 106104, Lagos"
,CEO KITCHEN ,RESTAURANT ,106101 LAGOS ,EPE,EPE,SW,NIGERIA,HXJF+32 Epe,7039395738,"28 Lagos Road, 106101, Epe"
,ALAMALA CENTRE ,RRESTAURANT ,AIYETORO ROAD ,EPE,AIYETORO,SW,NIGERIA,HXJG+4J Epe,8022469361,"Epe, 4 Aiyetoro Road, Epe"
,OLA OLUWA MOIMOI AND FOOD CANTEEN ,RESTAURANT ,AYETORO ROAD EPE ,EPE,AYETORO,SW,NIGERIA,HXQH+5P Epe,7034671065,"87 Ayetoro Rd, 106101, Epe"
,PETER SUNDAY RESTAURANT ,RESTAURANT ,106101 EPE ,EPE,EPE,SW,NIGERIA,HXJ7+QF Epe,9078256663,"118 Lagos Road, 106101, Epe"
,OLAMI KITCHEN ,RESTAURANT ,100001 EPE ,EPE,NOFORIJA IMOKUN ,SW,NIGERIA,HXCC+5M Epe,8078774029,"No 3 noforija imokun Epe lagos Epe, 100001, Epe"
,YETFAT CATERING SERVICE ,RESTAURANT ,106101 EPE ,EPE,EPE,SW,NIGERIA,HXQ7+9W Epe,7040675000,"Uncle TOA's Place,Papa, 20 Baptist Mission Street, 106101, Epe"
,YETUNDE HADEQAH RESTAURANT ,RESTAURANT ,EPE ,EPE,EPE,SW,NIGERIA,HXPM+RJ Epe,7045702678,"4 MUSA, Owolabi Giwa St, Epe"
,LOVETH RESTAURANT ,RESTAURANT ,106101 EPE ,EPE,EPE,SW,NIGERIA,HXR7+6V Epe,9027039291,"PAPA, 2 Shakiru Tobun St, 106101, Epe"
,SKOLAH KITCHEN ,RESTAURANT ,106101 EPE ,EPE,EPE,SW,NIGERIA,HXHF+VH Epe,8026702844,"10 Lagos Road, 106101, Epe"
,GANIYAT OMODOLAPO RESTAURANT ,RESTAURANT ,106101 EPE ,EPE ,EPE,SW,NIGERIA,HXPM+3H Epe,8135210949,"10 Oke - Balogun St, 106101, Epe"
FESTAC,,,,,,,,,,
,NKECHI BAR & RESTAURANT ,BAR ,FESTAC TOWN ,FESTAC  TOWN ,FESTAC ,SW,NIGERIA,F77P+R5 Lagos,8026231455,"Road C Close, Festac Town, 22 22 Rd, Lagos"
,MESS 1 RESTAURANT ,RESTAURANT ,FESTAC TOWN ,FESTAC  TOWN ,FESTAC ,SW,NIGERIA,F78F+26 Lagos,8038386667,"71 Rd, Festac Town 102102, Lagos"
,CLADON ,BAR ,FESTAC TOWN LAGOS ,FESTAC  TOWN ,FESTAC ,SW,NIGERIA,F7CW+V4 Lagos,8142414700,"1st Avenue plot 03 opp, 112 Road, E Cl, Festac Town, Lagos"
,WOODY'S LOUNGE ,LOUNGE ,FESTAC TOWN LAGOS ,FESTAC  TOWN ,FESTAC ,SW,NIGERIA,F7HQ+8M Lagos,8133663551,"1st Avenue, opposite R Close, Festac Town, Lagos"
,LAKESIDE CHILL ,BAR AND CHILL,300001 LAGOS ,FESTAC TOWN ,FESTAC ,SW,NIGERIA,F78M+HC Lagos,7012072081,"26, amuo origin road, festac, Festac Town 300001, Lagos"
,KANDOS RESTAURANT AND BAR ,BAR ,102102 LAGOS ,FESTAC TOWN ,FESTAC ,SW,NIGERIA,F79G+CX Lagos,8113868663,"Road 29 52 Rd, Festac Town 102102, Lagos"
,KALABASH NATIVE RESTAURANT ,RESTAURANT ,102102 LAGOS ,FESTAC TOWN ,FESTAC ,SW,NIGERIA,F78X+M8 Lagos,8178325358,"plot 4 1st Ave, Festac Town 102102, Lagos"
,DYNASTY SPORTS BAR & LOUNGE ,BAR ,AMUWO ODOFIN ESTATE ,FESTAC TOWN ,AMUWO ODOFIN ,SW,NIGERIA,F883+9J Lagos,8186532193,"Festival Mall, Amuwo Odofin Estate, Lagos"
,NATIVE FOODS RESTAURANT ,RESTAURANT ,FESTAC TOWN LAGOS ,FESTAC TOWN ,FESTAC ,SW,NIGERIA,F79P+33 Lagos,9082400000,"32/41 Road Junction, Festac Town, Lagos"
,TANTALIZERS FESTAC ,RESTAURANT ,102102 LAGOS ,FESTAC TOWN ,FESTAC ,SW,NIGERIA,F7CF+4J Lagos,8163544920,"23 Rd, Festac Town 102102, Lagos"
,KFC FESTAC ,FAST FOOD RESTAURANT ,100001 LAGOS ,FESTAC TOWN ,FESTAC ,SW,NIGERIA,F7GG+H5 Lagos,8063512718,"23 Rd, Festac Town 100001, Lagos"
,CHILLERS BAR AND RESTAURANT ,BAR ,102102 LAGOS ,FESTAC TOWN ,AMUWO ODOFIN ,SW,NIGERIA,F8C5+QH Lagos,8184915981,"6 Ausbeth Ajagu St, Amuwo Odofin Estate 102102, Lagos"
,ZIZI'S SPORTS BAR AND LOUNGE,BAR ,FESTAC ACCESS ROAD ,FESTAC TOWN ,FESTAC ,SW,NIGERIA,F79X+6W Lagos,8093828359,"18A PLOT 2018 Lagos, Festac Access Rd, Lagos"
,7 DAYS INN ,BAR,102102 FESTAC TOWN ,FESTAC TOWN ,FESTAC ,SW,NIGERIA,F7GH+9X Lagos,8060163206,"Plot 271 4th Ave, Festac Town 102102, Lagos"
,DOMINOS PIZZA ,PIZZA RESTAURANT ,FESTAC TOWN ,FESTAC TOWN ,FESTAC ,SW,NIGERIA,F79X+92 Lagos,9038864362,"Plot R, 1st Ave, Festac Town, Lagos"
,BEJOY RESTAURANT ,RESTAURANT ,102102 FESTAC  ,FESTAC TOWN ,FESTAC ,SW,NIGERIA,F79P+C3 Lagos,8033055291,"32 Rd, Festac Town 102102, Lagos"
,SEASON 7 RESTAURANT ,RESTAURANT ,102102 FESTAC ,FESTAC TOWN ,FESTAC ,SW,NIGERIA,F79H+Q9 Lagos,7081086406,"52 Rd, Festac Town 102102, Lagos"
,THE PENTAGRAM ,CHINESE RESTAURANT ,102102 FESTAC TOWN ,FESTAC TOWN ,FESTAC ,SW,NIGERIA,F79W+QF Lagos,8083321298,"15 1st Ave, Festac Town 102102, Lagos"
,AMWO ODOFIN LGA FESTAC TOWN ,RESTAURANT ,102102 FESTAC TOWN ,FESTAC TOWN ,FESTAC ,SW,NIGERIA,F79F+PX Lagos,8133889016,"41 Rd, Festac Town 102102, Lagos"
,NIBBLES CUISINE ,RESTAURANT ,102102 FESTAC TOWN ,FESTAC TOWN ,FESTAC ,SW,NIGERIA,F79V+MV Lagos,8062526426,"House 2B 112 Road, Festac Town 102102, Lagos"
,MAMA K FOODS ,RESTAURANT ,102102 FESTAC TOWN ,FESTAC TOWN ,FESTAC ,SW,NIGERIA,F78W+P8 Lagos,8027618554,"111 Rd, Festac Town 102102, Lagos"
,PAMELA ,RESTAURANT ,102102 FESTAC TOWN ,FESTAC TOWN ,FESTAC ,SW,NIGERIA,F79R+9F Lagos,8038106858,"311 Rd, Festac Town 102102, Lagos"
,GREENLAND KITCHEN ,RESTAURANT ,102102 FESTAC TOWN ,FESTAC TOWN ,FESTAC ,SW,NIGERIA,F78Q+XW Lagos,9120038806,"4 3rd Avenue, M Cl, Festac Town 102102, Lagos"
,PARLIAMENT ,RESTAURANT ,102102 FESTAC TOWN ,FESTAC TOWN ,FESTAC ,SW,NIGERIA,F79R+9C Lagos,7037162142,"311 Rd, Festac Town 102102, Lagos"
,OGOO'S KITCHEN ,RESTAURANT ,102311 FESTAC TOWN ,FESTAC TOWN ,FESTAC ,SW,NIGERIA,F7JM+5X Lagos,8096506571,"C. Courtesy Garden Cavera 13 Road, 6th Ave, Festac Town 102311, Lagos"
,CHICASA ,PIZZA RESTAURANT ,102102 FESTAC TOWN ,FESTAC TOWN ,FESTAC ,SW,NIGERIA,F79J+W3 Lagos,9063948808,"House 23 51 Rd, Festac Town 102102, Lagos"
,MEGA CHICKEN ,RESTAURANT ,AMUWO ODOFIN ESTATE ,FESTAC TOWN ,AMUWO ODOFIN ,SW,NIGERIA,F8C7+C3 Lagos,8130903543,"Oba Babatunde Gbanko Way Amuwo Odofin Estate Lagos,opp Ago /festac roundabout, Festac Access Rd, Lagos"
,FAITH RESTAURANT ,RESTAURANT ,102102 AMUWO ODOFIN ,FESTAC TOWN ,AMUWO ODOFIN ,SW,NIGERIA,F75X+C7 Lagos,8063521436,"87 Old Ojo Rd, Amuwo Odofin 102102, Lagos"
,TASTY CHOPS FOODS AND EVENTS ,RESTAURANT ,FESTAC TOWN LAGOS ,FESTAC TOWN ,FESTAC ,SW,NIGERIA,F7GG+25 Lagos,8032056675,"23 Road, V Close, Block 1, Flat 4, Festac Town, Lagos"
,SHAWARMABAE FESTAC ,RESTAURANT ,102312 LAGOS ,FESTAC TOWN ,FESTAC ,SW,NIGERIA,F7CJ+RV Lagos,8109314331,"41 Road, H Cl, Festac Town 102312, Lagos"
,WINNY'S MEALS ,RESTAURANT ,102102 LAGOS ,FESTAC TOWN ,FESTAC ,SW,NIGERIA,F76J+X8 Lagos,8028628145,"32-36 2nd Ave, Festac Town 102102, Lagos"
,WELL GUEST RESTAURANT ,CHINESE RESTAURANT ,102102 LAGOS ,FESTAC TOWN ,FESTAC ,SW,NIGERIA,F76J+X4 Lagos,8099908889,"No.36 2nd Ave, Festac Town 102102, Lagos"
,TASTEE FRIED CHICKEN ,RESTAURANT ,102262 LAGOS ,FESTAC TOWN ,FESTAC ,SW,NIGERIA,F78P+52 Lagos,8025491222,"22 Road 2nd Ave, Festac Town 102262, Lagos"
,OWOLABI RESTAURANT ,RESTAURANT ,OPPOSITE POLICE POST FESTAC ,FESTAC TOWN ,FESTAC ,SW,NIGERIA,F76W+P5 Lagos,7054806523,"Opposite Police Post, Festal, 2nd Ave, Lagos"
,DISHDELISH ,RESTAURANT ,102312 LAGOS ,FESTAC TOWN ,FESTAC ,SW,NIGERIA,F79Q+CH Lagos,7031319624,"3rd Avenue, L Cl, Festac Town 102312, Lagos"
,THANK GOD RESTAURANT ,RESTAURANT ,102102 AMUWO  ,FESTAC TOWN ,AMUWO  ,SW,NIGERIA,F75X+GP Lagos,8032139528,"Old Ojo Rd, Amuwo 102102, Lagos"
,SHERIFF RESTAURANT ,RESTAURANT ,300001 LAGOS ,FESTAC TOWN ,FESTAC ,SW,NIGERIA,F79W+R6 Lagos,8029152822,"111 Road, Shop 1, Festac Town 300001, Lagos"
,FOOD FAIRY PLACE ,RESTAURANT ,102102 LAGOS ,FESTAC TOWN ,AMUWO ,SW,NIGERIA,F73X+9F Lagos,7034642346,"1 Nduka Igbokwe St, Amuwo 102102, Lagos"
,TASTEE FINGERS SHAWARMA ,BARBECUE RESTAURANT ,102102 LAGOS ,FESTAC TOWN ,FESTAC ,SW,NIGERIA,F7JQ+49 Lagos,9080272254,"1st Ave, Festac Town 102102, Lagos"
,DOMINOS PIZZA SATELLITE ,PIZZA RESTAURANT ,102262 LAGOS ,FESTAC TOWN ,AMUWO ODOFIN ,SW,NIGERIA,F735+W2 Lagos,8112912222,"434 Old Ojo Rd, Amuwo Odofin 102262, Lagos"
,PAYII'S FAST FOOD AND RESTAURANT ,RESTAURANT ,102102 LAGOS ,FESTAC TOWN ,AMUWO ODOFIN ,SW,NIGERIA,F75W+3M Lagos,8034924097,"5 Ali Balogun Street, Amuwo Odofin 102102, Lagos"
,THEELLANORA KITCHEN ,DOWN HOME RESTAURANT ,102102 LAGOS ,FESTAC TOWN ,AMUWO ODOFIN ,SW,NIGERIA,F7CJ+H6 Lagos,9053665644,"512 road 5th Ave, Amuwo Odofin 102102, Lagos"
,SWEET PEA CATERERS AND CAKES,CAKE CHOP ,102313 LAGOS ,FESTAC TOWN ,FESTAC ,SW,NIGERIA,F77J+FW Lagos,8036954523,"1777A, 7th Avenue, opposite G Close, beside Golden Foundation College, Festac Town 102313, Lagos"
,MAGRELLOS FAST FOOD ,FAST FOOD RESTAURANT ,102102 LAGOS ,FESTAC TOWN ,AMUWO ODOFIN ,SW,NIGERIA,F8C5+J8 Lagos,8097993073,"Plot 776 Festac Access Rd, Amuwo Odofin 102102, Lagos"
,MR BIGGS AMUWO,RESTAURANT ,102102 LAGOS ,FESTAC TOWN ,AMUWO ODOFIN ,SW,NIGERIA,F8C4+8M Lagos,8087029450,"Peridot Oil and Gas Station, 71 Festac Access Rd, Amuwo Odofin 102102, Lagos"
,MADAM WHITE RESTAURANT ,RESTAURANT ,102102 LAGOS ,FESTAC TOWN ,FESTAC ,SW,NIGERIA,F7CF+35 Lagos,8033809340,"24 Rd, Festac Town 102102, Lagos"
,MAMA OSAHON RESTAURANT ,FISH AND CHIPS TAKE AWAY ,102102 LAGOS ,FESTAC TOWN ,TRADEFAIR COMPLEX ,SW,NIGERIA,F7FG+F8 Lagos,8033765783,"Trade Fair Complex 102102, Lagos"
,FULL HOUSE CLUB AND BAR ,BAR ,102102 LAGOS ,FESTAC TOWN ,FESTAC ,SW,NIGERIA,F7JQ+9JV festac ,8069270015,"F7JQ+9JV, Festac Town 102102, Lagos"
,ADANMA BAR ,BAR ,FESTAC LAGOS ,FESTAC TOWN ,FESTAC ,SW,NIGERIA,F77P+C6 Lagos,8025412571,"Beside A Close, Festac, 22 Rd, Lagos"
,TOURMALINE COCKTAILS,COCKTAIL BAR ,FESTAC LAGOS ,FESTAC TOWN ,FESTAC ,SW,NIGERIA,F79C+VM Lagos,9047727329,"7th Avenue, 722 Rd, Festac Town, Festac"
,CRISPEES ,BAR ,102102 LAGOS ,FESTAC TOWN ,FESTAC ,SW,NIGERIA,F7CW+2H Lagos,9084800850,"33 1st Avenue, F Cl, Festac Town 102102, Lagos"
,GRASSHOPPER BAR ,BAR ,102102 LaGOS ,FESTAC TOWN ,AMUWO ODOFIN ,SW,NIGERIA,F7FV+7G Lagos,8162099535,"1st Ave, Amuwo Odofin 102102, Lagos"
,POT OF LIFE ,BAR ,AMUWO ODOFIN LAGOS ,FESTAC TOWN ,AMUWO ODOFIN ,SW,NIGERIA,F866+XM Lagos,8122304712,"Block 216 Jakande Estate, Amuwo Odofin, Lagos"
,C.COURTESY GARDEN ,BAR ,102102 LAGOS ,FESTAC TOWN ,FESTAC ,SW,NIGERIA,F7JM+6W Lagos,9037276925,"Cavera 13 Rd, Festac Town 102102, Lagos"
,TAIWO BAR ,BAR ,FESTAC LAGOS ,FESTAC TOWN ,FESTAC ,SW,NIGERIA,F75X+FR Lagos,8162558552,"Mazamaza, 57 Old Ojo Rd, Lagos"
,BRAZILLIAN DOMAIN ,BAR ,102102 LAGOS ,FESTAC TOWN ,AMUWO ODOFIN ,SW,NIGERIA,F886+3J Lagos,8033691566,"Janet Faje Street, Amuwo Odofin Estate 102102, Lagos"
,SUMER GARDEN RESTAURANT ,BAR ,102102 LAGOS ,FESTAC TOWN ,FESTAC ,SW,NIGERIA,F79H+V8 Lagos,8033027742,"52 Rd, Festac Town 102102, Lagos"
,SEA PUNCH COCKTAILS ,COCKTAIL BAR ,102312 FESTAC ,FESTAC TOWN ,FESTAC ,SW,NIGERIA,F7JM+XW Lagos,9021736026,"Plot 1024, 6th Ave, opposite Catholic Church of Nativity, Festac Town 102312, Festac"
IKEJA ,,,,,,,,,,
,SIDEWALK LOUNGE & BAR ,BAR ,101233 LAGOS ,IKEJA ,IKEJA ,SW,NIGERIA,J82V+RH Lagos,8161665021,"79/81 Obafemi Awolowo Way, Ikeja 101233, Lagos"
,BITE RESTAURANT & LOUNGE ,RESTAURANT ,OBA AKRAN AVE IKEJA ,IKEJA ,IKEJA ,SW,NIGERIA,J85R+29 Ikeja,9066666611,"Fanis House, 21 Adeniyi Jones Ave, Oba Akran, Ikeja"
,RHAPSODY IKEJA ,RESTAURANT ,IKEJA CITY MALL ,IKEJA ,IKEJA ,SW,NIGERIA,J975+M9 Ikeja,8177777825,"Ikeja City Mall, Obafemi Awolowo Way, Ikeja"
,BHEERHUGS IKEJA ,RESTAURANT ,IIKEJA ,IKEJA ,IKEJA CITY MALL ,SW,NIGERIA,J975+J8 Ikeja,9090002198,ikeja city mall
,LA MANGO RESTAURANT AND LOUNGE IKEJA ,RESTAURANT ,101233 LAGOS ,IKEJA ,IKEJA GRA ,SW,NIGERIA,H9F6+F8 Lagos,8082646670,"3A Adekunle Fajuyi Way, Ikeja GRA 101233, Lagos"
,GRIZZLY RESTAURANT ,RESTAURANT ,100212 IKEJA ,IKEJA ,OPEBI,SW,NIGERIA,H9W5+7H Ikeja,9088784391,"2A, Afolabi Awosanya St, Opebi, Ikeja Lagos NG, Avenue, Allen 100212, Ikeja"
,KING SIZE PLACE IKEJA ,RESTAURANT ,101233 IKEJA ,IKEJA ,OREGUN,SW,NIGERIA,H9W8+5F Ikeja,8052071030,"75B Kudirat Abiola Way, Oregun 101233, Ikeja"
,THE PLACE RESTAURANT IKEJA ,RESTAURANT ,IKEJA BRIDGE ,IKEJA ,IKEJA ,SW,NIGERIA,H8VR+4V Ikeja,7048568764,"Aviation Plaza, Ikeja Bridge, Ikeja"
,BESTAB LOUNGE ,BAR ,101233 LAGOS ,IKEJA ,OREGUN,SW,NIGERIA,J975+63 Lagos,7085137718,"6 Kafi St, Oregun 101233, Lagos"
,TRAFFIC LOUNGE AND LODGE ,LOUNGE ,ALLEN AVENUE IKEJA ,IKEJA ,ALLEN AVENUE ,SW,NIGERIA,J942+RC Ikeja,7062025449,"1,Olorunishola street,Off Allen Avenue, Ikeja"
,BARREL LOUNGE ,BAR ,101233 IKEJA ,IKEJA ,OPEBI,SW,NIGERIA,H9V5+G7 Ikeja,9083307642,"1 Irewole St, Opebi 101233, Ikeja"
,BLACKWOOD GRILL AND BAR ,BAR AND GRIL;L ,101233 LAGOS ,IKEJA ,IKEJA ,SW,NIGERIA,J83V+GJ Lagos,8180474973,"11 Olu Akerele St, behind Lagoon Hospital, Ikeja 101233, Lagos"
,BOSSLADY'S LOUNGE ,LOUNGE ,101233 IKEJA ,IKEJA ,OREGUN ,SW,NIGERIA,J927+R8 Ikeja,8091763300,"18 Kudirat Abiola Way, Oregun 101233, Ikeja"
,SHARPNERS LOUNGE AND RESTAURANT ,LOUNGE ,101233 IKEJA ,IKEJA ,AGIDINGBI,SW,NIGERIA,J9G7+P5 Ikeja,9035849185,"Otunba Jobi Fele Way, Agidingbi 101233, Ikeja"
,LIQUID LOUNGE ,BAR ,101233 IKEJA ,IKEJA ,ALLEN  ,SW,NIGERIA,J933+6P Ikeja,8071234567,"Ajayi St, Allen 101233, Ikeja"
,AVIATORS LOUNGE ,BAR AND GRILL ,000079 IKEJA ,IKEJA ,IKEJA ,SW,NIGERIA,H8MP+WQ Lagos,8176900613,"Faan Quarters, Ikeja 000079, Lagos"
,FACE BAR AND LOUNGE ,LOUNGE ,100001 LAGOS ,IKEJA ,IKEJA,SW,NIGERIA,J82V+VV Lagos,9060008910,"110, Awolowo way ikeja ,Lagos Ikeja, 100001, Lagos"
,GABFOL LOUNGE ,LOUNGE ,102214 LAGOS ,IKEJA ,IKEJA,SW,NIGERIA,H8HC+CM Lagos,14482205,"Baba Ponmile St, Ikeja 102214, Lagos"
,GLORIOUS BAR AND LOUNGE,BAR ,ARO-OMO OBA STREET IKEJA ,IKEJA ,IKEJA ,SW,NIGERIA,H8VQ+79 Ikeja,8080804090,"Off Simbiat Abiola Way, Nagonarb, 2 Aro - Omooba Street, Ikeja"
,CIELO LOUNGE & RESTAURANT ,BAR ,101233 IKEJA ,IKEJA ,IKEJA GRA ,SW,NIGERIA,H9F4+26 Ikeja,9075220069,"Oduduwa Way, Ikeja GRA 101233, Ikeja"
,CAGEOLIE RESTRO PUB ,RESTAURANT ,101233 IKEJA ,IKEJA ,OBA AKRAN IKEJA ,SW,NIGERIA,J87V+RQ Ikeja,8062880777,"21 Ladipo Oluwole St, Oba Akran 101233, Ikeja"
,CASPER & GAMBINI'S ,RESTAURANT ,OREGUN IKEJA ,IKEJA ,OREGUN ,SW,NIGERIA,J974+HV Ikeja,8170011228,"Ikeja City Mall, Obafemi Awolowo Way, Oregun, Ikeja"
,WHISPERS BAR & LOUNGE ,BAR AND GRILL ,101233 IKEJA ,IKEJA ,ALLEN ,SW,NIGERIA,H8WV+HX Ikeja,8037034758,"Toyin St, Allen 101233, Ikeja"
,CASSIA RESTAURANT AND BAR ,RESTAURANT ,101233 IKEJA ,IKEJA ,IKEJA GRA ,SW,NIGERIA,H9P2+2Q Ikeja,8035277809,"37 Joel Ogunnaike St, Ikeja GRA 101233, Ikeja"
,LUNCHEONETTE CUISINE (AMALA+) AND LOUNGE ,RESTAURANT ,101233 IKEJA ,IKEJA ,OBA AKRAN IKEJA ,SW,NIGERIA,J86W+J2 Ikeja,9039932177,"59 Adeniyi Jones Ave, Oba Akran 101233, Ikeja"
,STANDARD RESTAURANT AND BAR ,RESTAURANT ,101233 IKEJA ,IKEJA ,ALLEN IKEJA ,SW,NIGERIA,H8XW+QH Ikeja,8033500594,"12 John Olugbo St, Allen 101233, Ikeja"
,TRUFFLES ,RESTAURANT ,101233 IKEJA ,IKEJA ,IKEJA GRA ,SW,NIGERIA,H9G4+WH Ikeja,7039855551,"Ikeja GRA 101233, Ikeja"
,TONETZ BAR ,BAR,101233 LAGOS ,IKEJA ,OPEBI,SW,NIGERIA,H9R5+2W Lagos,8137396994,"No 1 Gbolade Adebanjo Cres, Opebi 101233, Lagos"
,DECAPTAINS LOUNGE ,LOUNGE ,101233 LAGOS ,IKEJA ,IKEJA GRA ,SW,NIGERIA,H9P3+CF Ikeja,8085025133,"12 Joel Ogunnaike St, Ikeja GRA 101233, Ikeja"
,HOUSE 30 LOUNGE ,LOUNGE ,ADENIYI JONES AVE IKEJA ,IKEJA ,ADENIYI JONES ,SW,NIGERIA,J87X+24 Ikeja,7033961785,"30A, Abba Johnson Crescent, Akora Villa By Zenith Bank, Adeniyi Jones Ave, Ikeja"
,RODRIGO BAR AND LOUNGE ,BAR ,IKEJA HIGH COURT,IKEJA ,IKEJA,SW,NIGERIA,H8QV+4H Ikeja,7066210021,"29, New Powa Market, Behind Ikeja High Court, Ikeja"
,ELEVEN07 ,BAR,ALLEN IKEJA ,IKEJA ,ALLEN ,SW,NIGERIA,J922+Q9 Ikeja,9066677889,"Adeleke Street,, Allen Ave, Ikeja"
,BLACKROCK RESTAURANT AND BAR ,RESTAURANT ,101233 IKEJA ,IKEJA ,AJAO ROAD IKEJA ,SW,NIGERIA,J83Q+QX Ikeja,9030482774,"11 Ajao Rd, Ikeja 101233, Ikeja"
,CAL'S PLACE RESTAURANT ,RESTAURANT ,101233 IKEJA ,IKEJA ,ALLEN AVENUE ,SW,NIGERIA,J932+V3 Ikeja,14719686,"93 Allen Ave, Allen 101233, Ikeja"
,CARLSBAD LOUNGE AND NIGHT CLUB ,BAR ,101233 IKEJA ,IKEJA ,OBA AKRAN IKEJA ,SW,NIGERIA,J87W+F7 Ikeja,8024273855,"79 Adeniyi Jones Ave, Oba Akran 101233, Ikeja"
,SEVEN EAGLES SPUR ,STEAK HOUSE ,100271 IKEJA ,IKEJA ,OREGUN IKEJA ,SW,NIGERIA,J975+WF Ikeja,12917158,"Ikeja City Mall, Obafemi Awolowo Way, Oregun 100271, Ikeja"
,GOLFER'S HUB ,LOUNGE ,101233 LAGOS ,IKEJA ,OPEBI IKEJA ,SW,NIGERIA,H9P8+MM Lagos,8127130326,"3A Aderoju Adewuyi St, Opebi 101233, Lagos"
,THE ORCHID BISTRO ,BISTRO ,101233 IKEJA ,IKEJA ,IKEJA GRA ,SW,NIGERIA,H9P4+3R Ikeja,8125848463,"58a Isaac John St, Ikeja GRA 101233, Ikeja"
,UPTOWN LOUNGE ,LOUNGE ,101233 IKEJA ,IKEJA ,AGIDINGBI ,SW,NIGERIA,J9J3+PF Ikeja,9135307222,"10 Lateef Jakande Rd, Agidingbi 101233, Ikeja"
,CUBANA HUT & GRILL ,BAR AND GRILL ,101233 IKEJA ,IKEJA ,IKEJA GRA ,SW,NIGERIA,H9H5+CP Ikeja,8025200553,"15 Isaac John St, Ikeja GRA 101233, Ikeja"
,PUB 1 ,RESTAURANT ,101233 IKEJA ,IKEJA ,IKEJA GRA ,SW,NIGERIA,H9F6+GF Lagos,8026999889,"Adekunle Fajuyi Way, Ikeja GRA 101233, Lagos"
,IYERE OKIN RESTAURANT ,RESTAURANT ,100271 IKEJA ,IKEJA ,IKEJA GRA ,SW,NIGERIA,H9M5+R2 Lagos,9087805555,"38/40 Isaac John St, Ikeja GRA 100271, Lagos"
,YELLOW CHILLI RESTAURANT AND BAR ,AFRICAN RESTAURANT ,101233 IKEJA ,IKEJA ,IKEJA GRA ,SW,NIGERIA,H9P2+4V Ikeja,8089948999,"35 Joel Ogunnaike St, Ikeja GRA 101233, Ikeja"
,BAR CONTINENTAL ,BAR ,101233 IKEJA ,IKEJA ,IKEJA GRA ,SW,NIGERIA,H9J5+6J Ikeja,7045779509,"Isaac John St, Ikeja GRA 101233, Ikeja"
,BUNGALOW RESTAURANT,RESTAURANT ,101001 IKEJA ,IKEJA ,IKEJA GRA ,SW,NIGERIA,H9F5+5G Ikeja,9053796694,"9 Adekunle Fajuyi Way, Ikeja GRA 101001, Ikeja"
,DE TOPRANO LOUNGE BAR ,BAR ,101233 IKEJA ,IKEJA ,ALLEN IKEJA ,SW,NIGERIA,J83W+PJ Ikeja,7025005547,"136 Obafemi Awolowo Way, Allen 101233, Ikeja"
,OCEAN BASKET IKEJA GRA ,RESTAURANT ,101233 IKEJA ,IKEJA ,IKEJA GRA ,SW,NIGERIA,H9M4+XW Lagos,8091826777,"58c Isaac John St, Ikeja GRA 101233, Lagos"
,KULTURE YARD ,RESTAURANT ,100282 IKEJA ,IKEJA ,ADENIYI JONES IKEJA ,SW,NIGERIA,J89W+3J Ikeja,9019090099,"2b Abba Johnston Crescent, Adeniyi Jones Ave, 100282, Ikeja"
,CODED LOUNGE ,BAR ,ALLEN IKEJA ,IKEJA ,ALLEN IKEJA ,SW,NIGERIA,J953+8F Ikeja,9065446930,"2 Bolaji Street, Kudirat Abiola Way, Allen, Ikeja"
IKOYI,,,,,,,,,,
,  W BAR LOUNGE ,BAR ,110233 LAGOS ,IKOYI,FALOMO ,SW,NIGERIA,CCRG+RW Lagos,8100166661,"5 Cowries Terminal. LASWA Yard. Falomo Ikoyi, 110233, Lagos"
,THE TRAFFIC BAR AND RESTAURANT ,BAR ,106104 LAGOS ,IKOYI,IKOYI,SW,NIGERIA,CCW9+PG Lagos,8091864444,"Polo Rd, Ikoyi 106104, Lagos"
,THE WINEHOUSE LOUNGE SHOP & GUEST ROOM,LOUNGE ,106104 LAGOS ,IKOYI,IKOYI,SW,NIGERIA,CCWQ+89 Lagos,9092151590,"19a Mekunwen Rd, Ikoyi 106104, Lagos"
,AVALON LOUNGE ,BAR ,106104 LAGOS ,IKOYI,IKOYI,SW,NIGERIA,CCVC+2X Lagos,9030055555,"26 Maitama Sule St, Ikoyi 106104, Lagos"
,THE CREEKSIDE LOUNGE & BAR,LOUNGE ,106104 LAGOS ,IKOYI ,IKOYI,SW,NIGERIA,CCV5+7G Lagos,8174683000,"22 Awolowo Rd, Ikoyi 106104, Lagos"
,SAMANTHA'S BISTRO,BISTRO ,106104 LAGOS ,IKOYI,IKOYI,SW,NIGERIA,CCXJ+75 Lagos,8171116842,"7 Rumens Rd, Ikoyi 106104, Lagos"
,SAPPERS BAR AND LOUNGE ,BAR ,106104 LAGOS ,IKOYI ,IKOYI,SW,NIGERIA,CCVH+V3 Lagos,9136328085,"1 Alfred Rewane Rd, Ikoyi 106104, Lagos"
,ORELA RESTAURANT AND BAR ,RESTAURANT ,106104 LAGOS ,IKOYI,IKOYI,SW,NIGERIA,CCR9+Q9 Lagos,18425260,"114 Awolowo Rd, Ikoyi 106104, Lagos"
,7SPICES RESTAURANT AND BAR,RESTAURANT ,101233 LAGOS ,IKOYI,IKOYI,SW,NIGERIA,CCRC+M7 Lagos,8187700288,"35A Raymond Njoku St, Ikoyi 101233, Lagos"
,100 HOURS ,AFRICAN RESTAURANT ,106104 LAGOS ,IKOYI,IKOYI,SW,NIGERIA,CCR8+MV Lagos,8186806912,"100 Awolowo Rd, Ikoyi 106104, Lagos"
,THE ROOTS RESTAURANT AND BAR ,RESTAURANT ,100001 LAGOS ,IKOYI,IKOYI,SW,NIGERIA,CCRC+J7 Lagos,8090111189,"By Awolowo Road, 35A Raymond Njoku St, Ikoyi 100001, Lagos"
,FORESHORE HARBOURS ,RESTAURANT ,106104 LAGOS ,IKOYI,IKOYI,SW,NIGERIA,FC79+G2 Lagos,8172174391,"Royal Palm Dr, Ikoyi 106104, Lagos"
,BLACK OLIVE RESTAURANT ,RESTAURANT ,101233 LAGOS ,IKOYI ,IKOYI,SW,NIGERIA,CCR9+V3 Lagos,7080000999,"63 Awolowo Rd, Ikoyi 101233, Lagos"
,COCOON ,BAR ,106104 LAGOS ,IKOYI,IKOYI,SW,NIGERIA,CCVF+MH Lagos,8188888025,"190 Awolowo Rd, Ikoyi 106104, Lagos"
,LAGOS JET SKI RIDER,BAR,101233 LAGOS ,IKOYI,IKOYI,SW,NIGERIA,CCR7+Q3 Lagos,8037500000,"Awolowo Road, 12 Ademola St, Ikoyi 101233, Lagos"
,THE VILLAGE GRILLE ,PIZZA RESTAURANT ,106104 LAGOS ,IKOYI,IKOYI,SW,NIGERIA,CCXJ+H8 Lagos,9081968527,"2 Olawale Daodu Rd, Ikoyi 106104, Lagos"
,EVENTI COCKTAILS ,TAKE OUT RESTAURANT ,106104 LAGOS ,IKOYI,DOLPHIN ESTATE ,SW,NIGERIA,FC68+HQ Lagos,8038804264,"178a Corporation Dr, Dolphin Estate 106104, Lagos"
,THE BASE LOUNGE AND RESTAURANT ,LOUNGE ,100021 LAGOS ,IKOYI,FALOMO ,SW,NIGERIA,CCR8+CV Lagos,9078016252,"7,alahaji kanike street Of falomo awolowo road by bachuse bustop, Ikoyi 100021, Lagos"
,THE DUKE BAR AND RESTAURANT ,BAR AND GRILL ,101233 LAGOS ,IKOYI,OSBORNE,SW,NIGERIA,FC7C+W6 Lagos,7049777777,"Ospora Park, Ikogosi Close, Osborne Foreshore, Ikoyi 101233, Lagos"
,LIQUIDHUB BY SPRONKS ,WINE BAR ,106104 LAGOS ,IKOYI,IKOYI,SW,NIGERIA,CCXJ+84 Lagos,8097776657,"2 Olawale Dawodu Rd, Ikoyi 106104, Lagos"
,DANFO BISTRO,RESTAURANT ,106104 LAGOS ,IKOYI,IKOYI,SW,NIGERIA,FC4W+H6 Lagos,8121100111,"2 Alexander Rd, Ikoyi 106104, Lagos"
,GLORY'S RESTAURANT AND BAR ,RESTAURANT ,106104 LAGOS ,IKOYI,IKOYI,SW,NIGERIA,CCV7+FX Lagos,9099997520,"1 Biaduo St, Ikoyi 106104, Lagos"
,CHINA WORK RESTAURANT ,CHINESE RESTAURANT ,101233 LAGOS ,IKOYI,IKOYI,SW,NIGERIA,FC4W+JG Lagos,7000011111,"39 Onikoyi Road (Turnbull Road, Off Alexander Ave, Ikoyi 101233, Lagos"
,TIGER BAR ,BAR ,106104 LAGOS ,IKOYI,IKOYI,SW,NIGERIA,FC29+WP Lagos,7031800795,"Murtala Muhammed Dr, Ikoyi 106104, Lagos"
,12 TEMPLE ,LOUNGE ,IKOYI LAGOS ,IKOYI,IKOYI,SW,NIGERIA,FC5J+P4 Lagos,9090549709,"12, Olu Holloway Road (Former, Olu Holloway Rd, Ikoyi, Lagos"
,ETHNIQUE,RESTAURANT ,106104 LAGOS ,IKOYI,IKOYI,SW,NIGERIA,FC2C+9X Lagos,8097478486,"4 Murtala Muhammed Dr, Ikoyi 106104, Lagos"
,JUAKING BAR LAGOS ISLAND,WINE BAR ,ONIKAN IKOYI,IKOYI,ONIKAN,SW,NIGERIA,CCV4+F3 Lagos,7025236558,"Police Officers Mess Quarters, Onikan, 8 Awolowo Rd, Lagos"
,KABACHI CHINA EXPRESS,RESTAURANT ,106104 LAGOS ,IKOYI,IKOYI,SW,NIGERIA,FC3C+3V Lagos,8168528984,"3b Adekunle Lawal Rd, Ikoyi 106104, Lagos"
,ZOLENE RESTAURANT,AFRICAN RESTAURANT ,101233 LAGOS ,IKOYI,IKOYI,SW,NIGERIA,CCVR+XR Lagos,9137048586,"26 Mekunwen rd, off Macpherson Ave, Ikoyi 101233, Lagos"
,LH PRIVE DINING ROOM ,RESTAURANT ,106104 LAGOS ,IKOYI,IKOYI,SW,NIGERIA,CCWJ+H7 Lagos,9012222213,"39f Rumens Rd, Ikoyi 106104, Lagos"
,CRUZ BAR ,BAR ,106104 LAGOS ,IKOYI,BOURDILLON,SW,NIGERIA,CCVH+JF Lagos,8134432484,"87 B, Powa Shopping Complex, Bourdillon Rd, Ikoyi 106104, Lagos"
,THE GRILL BY YANNA ,RESTAURANT ,106104 LAGOS ,IKOYI,IKOYI,SW,NIGERIA,CCWV+7F Lagos,8100000637,"1B Adeyemi Lawson St, Ikoyi 106104, Lagos"
,SO FRESH IKOYI,HEALTH FOOD RESTAURANT ,106104 LAGOS ,IKOYI,IKOYI,SW,NIGERIA,CCR8+MM Lagos,8149906262,"92 Awolowo Rd, Ikoyi 106104, Lagos"
,MR CHANG ,RESTAURANT ,106104 LAGOS ,IKOYI,IKOYI,SW,NIGERIA,CCR9+QM Lagos,8080566666,"126 Awolowo Rd, Ikoyi 106104, Lagos"
,DOUBLE FOUR  RESTAURANT & EATRY,RESTAURANT ,106104 LAGOS ,IKOYI,IKOYI,SW,NIGERIA,CCR7+W8 Lagos,12692689,"44 Awolowo Rd, Ikoyi 106104, Lagos"
LAGOS MAINLAND,,,,,,,,,,
,CASPERS LOUNGE AND BAR ,COCKTAIL BAR ,101245 LAGOS,LAGOS MAINLAND ,ONIKE ,SW,NIGERIA,G93P+VP Lagos,8057878125,"Gbeto St, Onike 101245, Lagos"
,THE PLACE RESTAURANT YABA ,RESTAURANT ,101212 LAGOS ,LAGOS MAINLAND ,YABA ,SW,NIGERIA,G96G+9W Lagos,8096521606,"393 Herbert Macaulay Way, Yaba 101212, Lagos"
,CRYSTAL LOUNGE ,BAR ,100001 LAGOS ,LAGOS MAINLAND ,YABA ,SW,NIGERIA,G94G+F3 Lagos,8118033115,"Chapel St, Yaba 100001, Lagos"
,71 BAR AND KITCHEN ,RESTAURANT ,101245 LAGOS ,LAGOS MAINLAND ,YABA ,SW,NIGERIA,G94G+3G Lagos,9091941084,"28 Aje Rd, Sabo yaba 101245, Lagos"
,CARLYFUNIA  BAR,RESTAURANT ,101245 SABO YABA ,LAGOS MAINLAND ,OWORONSHOKI,SW,NIGERIA,G93H+MXF SABO YABA,8167154238,"G93H+MXF, Sabo yaba 101245, Oworonshoki"
,ELIXIR BAR ,LOUNGE ,100001 LAGOS ,LAGOS MAINLAND ,JIBOWU,SW,NIGERIA,G9CC+8G Lagos,9046286066,"Yaba Lagos NG, 12 Alakija St, beside Firstbank, Jibowu 100001, Lagos"
,JOYLISTIC BAR AND RESTAURANT ,BAR ,101245 LAGOS,LAGOS MAINLAND ,IWAYA,SW,NIGERIA,G94P+VX Lagos,7066779492,"38 Iwaya Rd, Iwaya 101245, Lagos"
,GO2LOUNGE45,LOUNGE ,100001 LAGOS ,LAGOS MAINLAND ,ALAGOMEJI YABA ,SW,NIGERIA,G92J+CW Lagos,9091390626,"15 Tokunbo St, Alagomeji-Yaba 100001, Lagos"
,HIGHWAY BAR AND GRILL ,BAR ,101245 LAGOS ,LAGOS MAINLAND ,YABA ,SW,NIGERIA,F9XH+P7 Lagos,8032011284,"265 Herbert Macaulay Way, Yaba 101245, Lagos"
,LION'S DEN SPORTS BAR ,BAR,YABA OJUELEGBA ,LAGOS MAINLAND ,OJUELEGBA ,SW,NIGERIA,G95C+76 Lagos,9094210002,"Yaba/Ojuelegba, Lagos"
,THE BAMBOO,BAR,100211 LAGOS ,LAGOS MAINLAND ,YABA ,SW,NIGERIA,G92G+WR Lagos,9099001001,"301 Herbert Macaulay Way, Yaba 100211, Lagos"
,MEKUS COCKTAIL LOUNGE AND EVENTS,BAR ,100001 LAGOS ,LAGOS MAINLAND ,JIBOWU,SW,NIGERIA,G9CC+52 Lagos,8136885146,"28 Igbobi St, Jibowu 100001, Lagos"
,PAPIEES MEATRO,RESTAURANT ,100001 LAGOS ,LAGOS MAINLAND ,YABA ,SW,NIGERIA,G97H+J6 Lagos,9015149920,"18b Moore road, off Herbert Macaulay Way, Yaba 100001, Lagos"
,OSHEY BAR & CHOPS,BAR AND GRILL ,100001 LAGOS ,LAGOS MAINLAND ,SABO YABA ,SW,NIGERIA,G94G+GP Lagos,8112490620,"31 Commercial Ave, Sabo yaba 100001, Lagos"
,THE ULTIMATE BAR ,AFRICAN RESTAURANT ,102215 LAGOS ,LAGOS MAINLAND ,LAGOS MAINLAND ,SW,NIGERIA,G8JR+CG Lagos,8023973184,"Lagos Mainland 102215, Lagos"
,BAR69GRILL/SHAWARMA,SHAWARMA RESTAURANT ,101212 LAGOS ,LAGOS MAINLAND ,EBUTE METTA ,SW,NIGERIA,F9JH+H3 Lagos,7018094345,"69 Apapa Rd, Ebute Metta 101212, Lagos"
,AMAZING MOBILE KITCHEN ,RESTAURANT ,101212 YABA LAGOS,LAGOS MAINLAND ,EBUTE METTA ,SW,NIGERIA,F9RJ+M6 Lagos,8038006050,"37 Simpson street off ladipo street ebutte meta Lagos state, 101212, Yaba, Lagos"
,IYABO ABIDEMI BAR ,BAR,101245 LAGOS ,LAGOS MAINLAND ,EBUTE METTA ,SW,NIGERIA,F9RH+QV Lagos,9096497999,"219 Borno Way, Ebute Metta 101245, Lagos"
OJOTA,,,,,,,,,,
,CITY BAR ,BAR AND GRILL ,105102 LAGOS,OJOTA,OGUDU,SW,NIGERIA,H9JP+P3 Lagos,8024175644,"59B Ogudu Rd, Ojota 105102, Lagos"
,MADUKA KITCHEN AND BAR ,RESTAURANT ,105102 LAGOS ,OJOTA,OJOTA,SW,NIGERIA,H9PM+8C Lagos,8034339645,"4 Alh. Amoo St, Ojota 105102, Lagos"
,ONYX RESTAURANT & BAR ,RESTAURANT ,100242 LAGOS,OJOTA,OGUDU,SW,NIGERIA,H9FV+V6 Lagos,9027492525,"157 Ogudu Rd, Ogudu 100242, Lagos"
,LAVIDA LOUNGE ,BAR ,100242 LAGOS ,OJOTA,OJOTA,SW,NIGERIA,H9PM+8X Lagos,8034376318,"Olakunle Ajibade St, Ojota 100242, Lagos"
,HOME RESTAURANT AND BAR ,RESTAURANT ,OJOTA LAGOS ,OJOTA,OGUDU GRA,SW,NIGERIA,H9HP+XJ Lagos,8023465491,"81 Ogudu G.R.A, Ojota, Lagos"
,CARDINAL POINT,BAR ,105102 LAGOS,OJOTA,OGUDU,SW,NIGERIA,H9HQ+4M Lagos,8083605070,"113 Ogudu Rd, Ogudu 105102, Lagos"
,FARMCITY ,LOUNGE ,105102 LAGOS ,OJOTA,OGUDU,SW,NIGERIA,H9JP+84 Lagos,7002000700,"36 Ogudu Rd, Ojota 105102, Lagos"
,TRIPPLE J RESTAURANT ,RESTAURANT ,105102 LAGOS ,OJOTA,OGUDU,SW,NIGERIA,H9JM+HW Lagos,8028339228,"76 Ogudu Rd, Ojota 105102, Lagos"
OSHODI,,,,,,,,,,
,CARABANA LOUNGE AND BAR ,BAR ,102214 LAGOS ,OSHODI,ISOLO,SW,NIGERIA,G8PC+JP Lagos,8033567670,"16 Baale Shekoni St, Isolo 102214, Lagos"
,CARABANA LOUNGE  ,BAR ,AJAO ESTATE LAGOS ,OSHODI,AJAO ESTATE ,SW,NIGERIA,G8PC+74 Lagos,8033597670,"Chi Avenue, Last Building, Ajao Estate, Lagos"
,THE BUILDERS LOUNGE AND BAR ,LOUNGE ,234001 LAGOS,OSHODI,AJAO ESTATE ,SW,NIGERIA,G8RF+FP Lagos,9062368569,"1A Hollandia way, Off Chivita Ave, Ajao Estate 234011, Lagos"
,TEE'S PLACE LOUNGE AND BAR ,LOUNGE ,BEST FORD AVENUE ,OSHODI ,OKE AFA ,SW,NIGERIA,G8J6+JX Lagos,8144049199,"Oke - Afa, 10 Best Ford Avenue Road, Lagos"
,LIZZY BAR ,RESTAURANT ,102214 LAGOS ,OSHODI,AJAO ESTATE ,SW,NIGERIA,G8XH+29 Lagos,8033054033,"27 Lateef Salami St, Ajao Estate 102214, Lagos"
,THE GRID RESTAURANT & LOUNGE AJAO,LOUNGE ,100263 LAGOS,OSHODI ,AJAO ESTATE ,SW,NIGERIA,G8WM+38 Lagos,8053251161," 44 Osolo Way, Ajao Estate 100263, Lagos"
,ROLLERS BAR CLUB & EVENT CENTRE ,BAR ,102214 LAGOS ,OSHODI ,OSHODI ISOLO,SW,NIGERIA,G868+W9 Lagos,7036014857,"28 Ago Palace Way, Oshodi-Isolo 102214, Lagos"
,JUST DRINK BAR AND LOUNGE ,BAR ,AJAO ESTATE  ,OSHODI,AJAO ESTATE ,SW,NIGERIA,G8R9+C7 Lagos,7035691561,"Petrocam Ajao Estate, Lagos"
,CLASSIC RESTAURANT AND BAR ,BAR ,102214 LAGOS ,OSHODI ,MAFOLUKU,SW,NIGERIA,H84J+2G Ikeja,8103091805,"84 Mafoluku Rd, Mafoluku Oshodi 102214, Ikeja"
,PAPARAZZI BAR & LOUNGE ,BAR ,102214 LAGOS ,OSHODI,OSHODI  ,SW,NIGERIA,H85W+XW Lagos,7081148897,"39 Igbehinadun Street, Oshodi 102214, Lagos"
,DREAMERS LOUNGE AND WASH LTD,BAR ,102214 LAGOS ,OSHODI,OSHODI ISOLO,SW,NIGERIA,G8RM+H8 Lagos,9060256334,"42 Osolo Way, Isolo 102214, Lagos"
,CHIDIMA RESTAURANT AND BAR ,BAR ,MAFOLUKU OSHODI,OSHODI,MAFOLUKU,SW,NIGERIA,H83M+F6 Lagos,8052352542,"Mafoluku Community, Mafoluku, 38 Eyinogun St, Lagos"
,CAUCUS BAR ,BAR ,102214 LAGOS ,OSHODI,MAFOLUKU,SW,NIGERIA,H86V+CC Lagos,7055221254,"4 Adeyemi St, Mafoluku Oshodi 102214, Lagos"
,EMITESSBRESTAURANT AND BAR ,BAR ,LADIPO OSHODI ,OSHODI,LADIPO,SW,NIGERIA,H88R+8X Lagos,8068433554,"Oshodi, 7 Olatunji St, Ladipo, Lagos"
,SEGXY BAR ,BAR ,102214 LAGOS ,OSHODI,SHOGUNLE,SW,NIGERIA,H88M+WX Lagos,8064965696,"Olatubosun St, Shogunle 102214, Lagos"
SOMOLU,,,,,,,,,,
,BEERIGA ,BAR AND GRILL ,BARIGA LAGOS ,SOMOLU,BARIGA,SW,NIGERIA,G9HX+CW Lagos,8035492397,"BARIGA JELLY, BARIGA LAGOS "
,JUMEK RESTAURANT AND BAR,BAR,300001 LAGOS ,SOMOLU,ONIPANU,SW,NIGERIA,G9R6+R5 Lagos,8066745402,"21 Majolate Street Onipanu, 300001, Lagos"
,COOL SPOT RESTAURANT ABD BAR ,RESTAURANT ,SHOMOLU LAGOS ,SOMOLU,SOMOLU,SW,NIGERIA,G9QV+5F Lagos,7082359462,"SHOMOLU, 1 OKO OWO STREET LAGOS "
,3C FRIENDZY BAR ,BEER GARDEN,BARIGA SOMOLU,SOMOLU,BARIGA,SW,NIGERIA,G9MR+GM Lagos,8033504600,"3 ILAJE ROAD OFF TIJANI ASHOGBON STREET SHOMOLU LGA, BARIGA, LAGOS "
,YUSUF BAR,BAR,ONIPANU SOMOLU,SOMOLU,ONIPANU,SW,NIGERIA,G9P9+RJ Lagos,8020570814,OFF SHIPEOLU STREET ONIPANU 53OGUNTOLU ST SOMOLU LAGOS
,IYALAJE BAR,BAR,SOMOLU LAGOS,SOMOLU,SOMOLU,SW,NIGERIA,G9MF+P6 Lagos,8053625784,OFF APATA STREET 37 FADIPE ST SOMOLU LAGOS
,DESMOND BAR AND SPOT,BAR ,SOMOLU LAGOS,SOMOLU,SOMOLU,SW,NIGERIA,G9MF+P6 Lagos,7035462986,OFF APATA STREET 39 FADIPE ST SOMOLU  LAGOS
,SUSCO BAR ,BAR,SOMOLU PALMGROOVE,SOMOLU,PALMGROOVE,SW,NIGERIA,G9RC+M7 Lagos,9091261669,SOMOLU PALM GROOVE 8 LISABI ST LAGOS
,BARCODE ,BAR,PEDRO SOMOLU,SOMOLU,PEDRO,SW,NIGERIA,G9VF+QF Lagos,8086101452,24 ISSUE BUS=STOP OFF PEDRO POLICE STATION PEDRO ROAD SHOMOLU 300001 LAGOS
,DATOP BAR ,BEER STORE,SOMOLU LAGOS,SOMOLU,SOMOLU,SW,NIGERIA,G9QF+5F Lagos,8024285044,"OFF APATA STRT, 5 FADIPE ST, SOMOLU LAGOS"
,GIDE BAR ,BAR,OWOROSHOKI BARIGA,SOMOLU,BARIGA OWOROSHOKI,SW,NIGERIA,G9PR+XR Lagos,8042136196,BARIGA OWOROSHOKI 28 ALUBAKU STREET SOMOLU LAGOS
,BEEJAY BUKKAH AND BAR ,BAR ,102216 LAGOS ,SOMOLU,SOMOLU,SW,NIGERIA,G9Q9+CW Lagos,7066478656,20 AWOFESO STREET SOMOLU 102216 LAGOS 
,EBONY BAR ,BAR,102216 LAGOS ,SOMOLU,SOMOLU,SW,NIGERIA,G9RC+8P Lagos,8027388067,126 MOROCCO RD SHOMOLU 102216 LAGOS 
,AYODELE BAR ,BAR ,102216 LAGOS ,SOMOLU,SOMOLU,SW,NIGERIA,G9Q9+6H Lagos,9023814662,12 RUFAI STREET SOMOLU 102216 LAGOS
,MARCO HOUSE JAZZ BAR,BAR,IGBOBI SOMOLU,SOMOLU,IGBOBI,SW,NIGERIA,G9HH+C4 Lagos,8145880480,"13 AIH KALEJAIYE ST, IGBOBI 102216 LAGOS"
,MODUPE BEER PALOUR ,BAR ,OWOROSHOKI BARIGA,SOMOLU,OWORONSHOKI,SW,NIGERIA,G9QR+XV Lagos,8188864588,"Oworoshoki, Bariga, 23 Alubarika St, Somolu, Lagos"
,SAMUEL BAR ,BAR ,ONIPANU SOMOLU,SOMOLU,ONIPANU,SW,NIGERIA,G9PF+P7 Lagos,9020409996,"Onipanu, 41 Sanusi St, Somolu, Lagos"
,CHI QUALITY SPOT ,BAR ,PALMGROOVE SOMOLU,SOMOLU,PALMGROOVE,SW,NIGERIA,G9MV+62 Lagos,8033376936,"16/18Ilaje Road Palmgrove, Somolu, Lagos"
,SANTOS BAR ,BAR & GRILL,100001 LAGOS ,SOMOLU,AKOKA,SW,NIGERIA,G9GP+RJ Lagos,8020641383,"32 St Finbarr's College Rd, Akoka 100001, Lagos"
,IYA DELE BAR ,BAR ,102216 LAGOS ,SOMOLU,BARIGA,SW,NIGERIA,G9QJ+FM Lagos,8028469475,"Awomodu St, Bariga 102216, Lagos"
,GOLDEN BAR ,BAR ,102216 LAGOS ,SOMOLU,AKOKA,SW,NIGERIA,G9GP+HC Lagos,7015913319,"33 St Finbarr's College Rd, Akoka 102216, Lagos"
,DAINTY COCKTAILS LIMITED,COCKTAIL BAR ,PALMGROOVE SOMOLU,SOMOLU,PALMGROOVE,SW,NIGERIA,G9R8+PX Lagos,8035638515,"218, Ikorodu Road, Palmgroove B/Stop, Palmgroove, 23401, Lagos"
,GREEN HOUSE RESTAURANT AND BAR ,RESTAURANT ,SOMOLU LAGOS,SOMOLU,SOMOLU,SW,NIGERIA,G9PF+P7 Lagos,8034464090,"Shomolu, Onidanu, 36 Sanusi St, Lagos"
,STEP UP RESTAURANT AND BAR ,RESTAURANT ,102216 LAGOS ,SOMOLU,ONIPANU,SW,NIGERIA,G9PC+V3 Lagos,8028110518,"48 Oguntolu St, Onipanu 102216, Lagos"
,TOPEVER RESTAURANT ,RESTAURANT ,102216 LAGOS ,SOMOLU,SOMOLU,SW,NIGERIA,G9MH+7P Lagos,8062098455,"39 Market St, Somolu 102216, Lagos"
,LG OZOR RESTAURANT AND BAR ,RESTAURANT,102216 LAGOS ,SOMOLU,BARIGA,SW,NIGERIA,G9QV+G3 Lagos,9094756953,"Adebayo Rd, Bariga 102216, Lagos"
,SPLENDOUR COCKTAILS & FOODS,BAR & GRILLS ,102216 LAGOS ,SOMOLU,BARIGA,SW,NIGERIA,G9VM+3M Lagos,8034979359,"Adeleye St, Bariga 102216, Lagos"
,SUNLIGHT RESTAURANT AND BAR ,RESTAURANT,100001 LAGOS ,SOMOLU,JIBOWU,SW,NIGERIA,G9C9+9X Lagos,7084887242,"7 Ijaoye St, Jibowu 100001, Lagos"
,FAST FOOD IN SHOMOLU,FAST FOOD RESTAURANT ,100124 LAGOS,SOMOLU,SOMOLU,SW,NIGERIA,G9JH+5V Lagos,8138396434,"44 Alh. Kalejaiye St, Somolu 100124, Lagos"
SURULERE,,,,,,,,,,
,CHINMARK FOOD SERVICES ,RESTAURANT ,101211 LAGOS ,SURULERE,SURULERE,SW,NIGERIA,F9V5+R3 Lagos,9031033235,"37 Adeniran Ogunsanya St, Surulere 101211, Lagos"
,OLAIYA FOODS AND CATERING ,RESTAURANT ,101241 LAGOS ,SURULERE,SURULERE,SW,NIGERIA,G935+C7 Lagos,9060009239,"109 Akerele St, Surulere 101241, Lagos"
,SURU EAGLE CHINA GARDEN ,CHINESE RESTAURANT ,101241 LAGOS ,SURULERE,SURULERE,SW,NIGERIA,F9R4+FG Lagos,8168816030,"96-100 Adeniran Ogunsanya St, Surulere 101241, Lagos"
,"YAKOYO ABULA JOINT, AMALA AND ABULA, OFADA RICE, JOLLOF RICE , FRIED RICE , NATIVE RICE, IGBO SOUPS.",RESTAURANT ,101241 LAGOS ,SURULERE,SURULERE,SW,NIGERIA,G932+XV Lagos,9083418979,"107 Ogunlana Dr, Surulere 101241, Lagos"
,ADMIRALS RESTAURANT AND BAR ,RESTAURANT ,101241 LAGOS ,SURULERE,SURULERE,SW,NIGERIA,F9P2+QX Lagos,17317576,"No 24 Itolo St, Surulere 101241, Lagos"
,SOUTHERN DELICACIES ,RESTAURANT ,101241 LAGOS ,SURULERE,IKATE ,SW,NIGERIA,G942+JX Lagos,8181266666,"Ogunlana Dr, Ikate 101241, Lagos"
,ZAIKA'S CORNER,RESTAURANT,101241 LAGOS ,SURULERE,SURULERE,SW,NIGERIA,F9R4+3H Lagos,7082832075,"Leisure Mall, 101 Adeniran Ogunsanya St, Surulere 101241, Lagos"
,DOMINOS PIZZA SURULERE ,PIZZA RESTAURANT ,101241 LAGOS ,SURULERE,BODE  THOMAS ,SW,NIGERIA,F9Q4+VF Lagos,9037807409,"86 Bode Thomas St, Surulere 101241, Lagos"
,CHOPLIFE BUKKA ,RESTAURANT ,100253 LAGOS ,SURULERE,SURULERE,SW,NIGERIA,G934+MJ Lagos,8143434996,"94 Akerele St, Surulere 100253, Lagos"
,01 SHAWARMA AKERELE,FAST FOOD RESTAURANT ,101241 LAGOS ,SURULERE,SURULERE,SW,NIGERIA,G934+X3 Lagos,8069684267,"52 Akerele St, Surulere 101241, Lagos"
,BURGERS N SHAKES ,RESTAURANT ,101241 LAGOS ,SURULERE,SURULERE,SW,NIGERIA,F9R4+MH Lagos,9050505067,"Directly across from Polaris bank, 92 Adeniran Ogunsanya St, Surulere 101241, Lagos"
,SWEET FRY'S SURULERE,RESTAURANT ,101241 LAGOS ,SURULERE,SURULERE,SW,NIGERIA,F9Q4+WQ Lagos,8037220729,"83 Bode Thomas St, Surulere 101241, Lagos"
,GIDI BURGERS ,RESTAURANT ,101241 LAGOS ,SURULERE,SURULERE,SW,NIGERIA,F9X5+8H Lagos,8142361392,"171 Alh. Masha Rd, Surulere 101241, Lagos"
,CHICKEN REPUBLIC AGUDA ,FAST FOOD RESTAURANT ,101241 LAGOS ,SURULERE,AGUDA,SW,NIGERIA,F8WW+92 Lagos,9093703351,"NO 2 Kusimo St, Surulere 101241, Lagos"
,NICE RESTAURANT ,RESTAURANT ,101241 LAGOS ,SURULERE,SURULERE,SW,NIGERIA,G956+J7 Lagos,8030452316,"21 Ayilara St, Surulere 101241, Lagos"
,CHICKEN REPUBLIC BODE THOMAS ,FAST FOOD RESTAURANT ,100246 LAGOS ,SURULERE,BODE  THOMAS ,SW,NIGERIA,F9R4+37 Lagos,8128318286,"73 Bode Thomas St, Surulere 100246, Lagos"
,IFOODIE FOODS ,RESTAURANT ,101241 LAGOS ,SURULERE,TAJU THOMPSON ,SW,NIGERIA,G973+FC Lagos,9013923052,"14 Taju Thompson Dr, Surulere 101241, Lagos"
,KFC,FAST FOOD RESTAURANT ,101241 LAGOS ,SURULERE,ADENIRAN OGUNSANYA ,SW,NIGERIA,F9R4+5P Lagos,8129990384,"30B Adeniran Ogunsanya St, Surulere 101241, Lagos"
,THE CABIN ,RESTAURANT ,101241 LAGOS ,SURULERE,BODE  THOMAS ,SW,NIGERIA,F9Q5+H8 Lagos,9130677280,"114 Bode Thomas St, Alaka 101241, Lagos"
,BOTTOM POT,RESTAURANT ,101241 LAGOS ,SURULERE,SURULERE,SW,NIGERIA,G975+3C Lagos,9020177481,"No. 5 Ishaga Rd, Surulere 101241, Lagos"
,SO FRESH SURULERE,HEALTH FOOD RESTAURANT ,101241 LAGOS ,SURULERE,ADENIRAN OGUNSANYA ,SW,NIGERIA,F9W4+5X Lagos,9062547500,"48 Adeniran Ogunsanya St, Surulere 101241, Lagos"
,LOUNGE 38 ,RESTAURANT ,101241 LAGOS ,SURULERE,BODE  THOMAS ,SW,NIGERIA,F9R4+34 Lagos,7015143711,"67 Bode Thomas St, Surulere 101241, Lagos"
,CHEFVY'S RESTAURANT ,FAST FOOD RESTAURANT ,101241 LAGOS ,SURULERE,SURULERE,SW,NIGERIA,F8WR+CG Lagos,9050026609,"7 Enitan St, Surulere 101241, Lagos"
,OFADA BOY ,RESTAURANT ,SSURULERE LAGOS ,SURULERE,SURULERE,SW,NIGERIA,F9R4+PJ Lagos,8050741526,"1 Mba Street, Off Tafawa Balewa Cres, Surulere, Lagos"
,RAYNAB'S KITCCHEN ,RESTAURANT ,SURULERE LAGOS ,SURULERE ,TEJUOSHO,SW,NIGERIA,G947+2X Lagos,7087476070,"10 Aralile street off tejuosho road, Funsho Williams Ave, Surulere, Lagos"
,FOOD CANTEEN ,RESTAURANT ,300001 LAGOS ,SURULERE ,SURULERE,SW,NIGERIA,F8WV+PJ Lagos,8028141152,"24,oluwafuilayo street, surulere, 300001, Lagos"
,BUSH FLAVOUR,BAR ,101241 LAGOS ,SURULERE ,IJESHA TEDO,SW,NIGERIA,F8VQ+VH Lagos,8138568920,"20 Adetola St, Ijesha Tedo 101241, Lagos"
,BUKKA HUT ,RESTAURANT ,101241 LAGOS ,SURULERE,BODE  THOMAS ,SW,NIGERIA,F9Q4+W7 Lagos,7000550055,"77 Bode Thomas St, Surulere 101241, Lagos"
,DESIGNER'S RICE ,RESTAURANT ,101241 LAGOS ,SURULERE ,SURULERE,SW,NIGERIA,G934+86 Lagos,8030729273,"23c Bank Olemoh St, Surulere 101241, Lagos"
,GRILL BUSTERS ,RESTAURANT ,100001 LAGOS ,SURULERE ,ADENIRAN OGUNSANYA ,SW,NIGERIA,F9W4+5X Lagos,8085528866,"48 Adeniran Ogunsanya St, Surulere 100001, Lagos"
,SHADLAG FOOD CANTEEN ,RESTAURANT ,OJUELEGBA SURULERE,SURULERE,OJUELEGBA ,SW,NIGERIA,G976+PC Lagos,8036607421,"Ojuelegba, 10 Oludipe St, Surulere, Lagos"
,EMEMS HAVEN,RESTAURANT ,SURULERE LAGOS ,SURULERE,SURULERE,SW,NIGERIA,F8WX+XJ Lagos,9093915249,"13b Ilorin Street, Off Adelabu St, Surulere, Lagos"
,BLAZE BAR AND FOOD SERVICES ,BAR AND GRILL ,100001 LAGOS ,SURULERE,IJESHA  ,SW,NIGERIA,G82F+8V Lagos,7066511950,"6 Rafiu ipaye street Off agunlejika, Ijesha Rd, Surulere 100001, Lagos"
,TAMMY RESTAURANT ,RESTAURANT ,LAWANSON SURULERE ,SURULERE ,LAWANSON,SW,NIGERIA,G86W+JR Lagos,8166039524,"Off Lawanson Street, Surulere, Lawanson, 2 Abayomi St, Lagos"
,SURIES PLACE ,RESTAURANT ,101241 LAGOS ,SURULERE ,SURULERE,SW,NIGERIA,G932+MJ Lagos,8036382458,"138 Ogunlana Dr, Surulere 101241, Lagos"
,FOOD HANGOUT,RESTAUTANT ,101241 LAGOS ,SURULERE ,SURULERE ,SW,NIGERIA,G942+6R Lagos,8064791719,"110 Ogunlana Dr, Surulere 101241, Lagos"
,SOOYAH BISTRO SURULERE ,RESTAURANT ,101241 LAGOS ,SURULERE,ADENIRAN OGUNSANYA ,SW,NIGERIA,F9R4+4M Lagos,8077721493,"Leisure Mall, Adeniran Ogunsanya St, Surulere 101241, Lagos"
,YUMMIE DELITE ,RESTAURANT ,101283 LAGOS ,SURULERE,SURULERE,SW,NIGERIA,F8QX+RC Lagos,7031604089,"11 Babs Animashaun Rd, Surulere 101283, Lagos"
,MAGRELLOS FAST FOOD SURULERE ,FAST FOOD RESTAURANT ,101283 LAGOS ,SURULERE ,BODE  THOMAS ,SW,NIGERIA,F9R3+5R Lagos,8097992984,"57 Bode Thomas St, Surulere 101283, Lagos"
,WARACAKE SURULERE ,RESTAURANT ,101241 LAGOS ,SURULERE,SURULERE,SW,NIGERIA,G942+58 Lagos,8146274960,"23 Adegoke Street link, Surulere 101241, Lagos"
,THE PLACE RESTAURANT SURULERE ,RESTAURANT ,101241 LAGOS ,SURULERE ,ADENIRAN OGUNSANYA ,SW,NIGERIA,F9W5+F2 Lagos,8027434328,"36 Adeniran Ogunsanya St, Surulere 101241, Lagos"
,COMMINT BUKA ,RESTAURANT ,101241 LAGOS ,SURULERE ,ITIRE,SW,NIGERIA,G964+XW Lagos,8083902555,"Municipal Bus Stop, 26 Itire Rd, Surulere 101241, Lagos"
,BEST SHAWARMA ,RESTAURANT ,101241 LAGOS ,SURULERE,RANDLE AVENUE ,SW,NIGERIA,G944+5F Lagos,8023897784,"18 Randle Ave, Surulere 101241, Lagos"
,CHEFKELS BAR AND RESTAURANT ,RESTAURANT ,101241 LAGOS ,SURULERE ,RANDLE AVENUE ,SW,NIGERIA,G954+4H Lagos,8023436175,"69 Randle Ave, Surulere 101241, Lagos"
,DE TASTEE FRIED CHICKEN SURULERE ,FAST FOOD RESTAURANT ,100001 LAGOS ,SURULERE,ADENIRAN OGUNSANYA ,SW,NIGERIA,F9V4+4R Lagos,8025491184,"61 Adeniran Ogunsanya St, Surulere 100001, Lagos"
,SWEET SENSATION SURULERE ,FAST FOOD RESTAURANT ,101241 LAGOS ,SURULERE,BODE  THOMAS ,SW,NIGERIA,F9R4+27 Lagos,8052090040,"75A Bode Thomas St, Surulere 101241, Lagos"
,FRUIT FIBER N BEYOND ,HEALTH FOOD RESTAURANT ,101241 LAGOS ,SURULERE,ADENIRAN OGUNSANYA ,SW,NIGERIA,F9R4+RP Lagos,8107910649,"75 Adeniran Ogunsanya St, Surulere 101241, Lagos"
,RED PEPPE PIZZA N GRILL,RESTAURANT ,101241 LAGOS ,SURULERE ,SURULERE,SW,NIGERIA,G932+VQ Lagos,8179888805,"113 Ogunlana Dr, Surulere 101241, Lagos"
,EGOCHUKWU FOOD CANTEEN ,RESTAURANT ,101241 LAGOS ,SURULERE,ITIRE,SW,NIGERIA,G963+X5 Lagos,8056571621,"108 Itire Rd, Surulere 101241, Lagos"
,SONYCASTRO BAR & RESTAURANT ,FAST FOOD RESTAURANT ,101241 LAGOS ,SURULERE ,SURULERE ,SW,NIGERIA,G965+XM Lagos,8160593907,"14 Ishaga Rd, Surulere 101241, Lagos"
,TASTE & SEE RESTAURANT ,FAST FOOD RESTAURANT ,OJUELEGBA SURULERE,SURULERE ,OJUELEGBA ,SW,NIGERIA,G975+FX Lagos,8036060427,"Off Cole Street, Ojuelegba, 18 Mabo St, Surulere, Lagos"
,MADAM ROSE RESTAURANT ,VEGETARIAN RESTAURANT ,102215 LAGOS ,SURULERE,SURULERE,SW,NIGERIA,G985+8V Lagos,8136254236,"27 Atunrase St, Surulere 102215, Lagos"
,GRILLHOUSE BISTRO,RESTAURANT,101241 LAGOS ,SURULERE,ADENIRAN OGUNSANYA ,SW,NIGERIA,F9V4+4P Lagos,8157007072,"76 Adeniran Ogunsanya St, Surulere 101241, Lagos"
,SKI SHAWARMA ,RESTAURANT ,101241 LAGOS ,SURULERE,SURULERE,SW,NIGERIA,F9X5+QJ Lagos,7043367383,"185 Akerele St, Surulere 101241, Lagos"
,OMAGEES CUISINE ,RESTAURANT ,101241 LAGOS ,SURULERE,ADENIRAN OGUNSANYA ,SW,NIGERIA,F9W5+H2 Lagos,7014326404,"34 Adeniran Ogunsanya St, Surulere 101241, Lagos"
,CITY= FAST@FOOD ,SEAFOOD RESTAURANT ,101283 LAGOS ,SURULERE,ADENIRAN OGUNSANYA ,SW,NIGERIA,F9G3+VW Lagos,8122664596,"Adeniran Ogunsanya St, Surulere 101283, Lagos"
,MAMA B FOODS ,RESTAURANT ,OLUELEGBA SURULERE,SURULERE,OJUELEGBA ,SW,NIGERIA,G967+53 Lagos,8037254826,"Ojuelegba, 108 Ojuelegba Rd, Surulere, Lagos"
,ONYE BEST CAKE AND FOOD ,RESTAURANT ,IJESHA TEDO LAGOS ,SURUKERE ,IJESHA TEDO,SW,NIGERIA,F8VJ+3H Lagos,8151033192," No:50, Aguntasolo St, Ijesha Tedo, Lagos"
,AFIK'S EFIK CUISINE ,RESTAURANT ,SURULERE LAGOS ,SURULERE,SURULERE,SW,NIGERIA,G942+5J Lagos,7037716053,"3 Olukole street, Off Olufemi Street, Off Ogunlana Dr, Surulere, Lagos"
,ABDULAHI ADEKUNLE RESTAURANT ,RESTAURANT ,BARUWA SURULERE ,SURULERE ,BARUWA,SW,NIGERIA,F8XM+PC Lagos,8181918355,"40, IJIKOYEJO STREET OFF BARUWA, Surulere, Lagos"
,UJU'S PEPPERSOUP PALACE ,RESTAURANT ,100001 LAGOS ,SURULERE ,SURULERE,SW,NIGERIA,F9X5+HH Lagos,8033137509,"7a Akerele Extinson, Surulere 100001, Lagos"
,NCHEF RESTAURANT ,RESTAURANT ,101271 LAGOS,SURULERE,BODE  THOMAS ,SW,NIGERIA,F9M3+QQ Lagos,7032298297,"28 Eric Moore Cl, Off Bode Thomas St, Surulere 101271, Lagos"
,ISLANDERS BARBEQUE,BARBEQUE RESTAURANT ,SURULERE LAGOS ,SURULERE,T BENSON ,SW,NIGERIA,G935+9C Lagos,8033251029,"1 Benson St, Surulere 02770, Lagos"
,OMEIZA RESTAURANT AND CATERING SERVICES,RESTAURANT ,101241 LAGOS ,SURULERE ,BODE  THOMAS ,SW,NIGERIA,F9P5+F8 Lagos,7080700333,"16 Bode Thomas St, Alaka 101241, Lagos"
,SPORTSHAQ & SUITES,BAR,101241 LAGOS ,SURULERE,SURULERE,SW,NIGERIA,F9V4+47 Lagos,8125593559,"Adamu Orisa St, Surulere 101241, Lagos"
,DE CHILL'S HIND RESTAURANT AND BAR ,BAR ,SHITTA LAGOS ,SURULERE ,SHITTA ,SW,NIGERIA,F9W5+F2 Lagos,8129996283,38 ADENIRAN OGUNSANYA STREET LAGOS SHITTA LAGOS 
,BAR DE CODED,BAR ,IJESHA SURULERE ,SURULERE ,IJESHA ,SW,NIGERIA,G84M+HQ Lagos,8024284324,"67 IJESHA ROAD, SURULERE 101241 LAGOS"
,BEST BEER BAR ,BAR ,IJESHA SURULERE ,SURULERE ,IJESHA ,SW,NIGERIA,F8WH+P3 Lagos,8103979383,"IJESHA, 19 ESHINLOKUN STREET SURULERE LAGOS "
,ONWEYI BAR ,BAR ,OJUELEGBA SURULERE,SURULERE ,OJUELEGBA ,SW,NIGERIA,G957+V8 Lagos,8063348295,"OJUELEGBA, 58 AYILARA STREET SURULERE LAGOS "
,TARMER BAR ,BAR ,JESHA SURULERE ,SURULERE ,IJESHA ,SW,NIGERIA,G82J+35 Lagos,8030135055,OFF OGUNLANA IJESHA 19 OKUNOLA STREET SURULERE LAGOS
,DE=CARABET BAR & LOUNGE,BAR ,IJESHA SURULERE ,SURULERE ,IJESHA ,SW,NIGERIA,F8XH+RF Lagos,8029817136,IJESHA 51 SANUSI STREET SURULERE LAGOS
,TONYSON BAR,BAR,IJESHA SURULERE ,SURULERE ,IJESHA ,SW,NIGERIA,G82H+GV Lagos,8084931978,162 IJESHA ROAD SURULERE  102215 LAGOS 
,HOUSE 45 ,LOUNGE ,ADENIYI JONES AVE IKEJA ,SURULERE ,ADENIRAN OGUNSANYA ,SW,NIGERIA,F9V5+J2 Lagos,8087184070,45 ADENIRAN OGUNSANYA STREET SURULERE 101241 LAGOS
,ROSE UDOH BAR ,WINE BAR ,SURULERE LAGOS ,SURULERE ,SURULERE ,SW,NIGERIA,G86W+59 Lagos,7039813562,19 OLA OLUWA STREET SURULERE 2341 LAGOS 
,AYALA BEACH BAR ,BAR ,101241 LAGOS ,SURULERE ,SURULERE ,SW,NIGERIA,F9W5+CF Lagos,8033072433,10 ODEKU CLOSE SURULERE 101241 LAAGOS
,THE COOL SPOT ,BAR ,LAWANSON SURULERE ,SURULERE ,LAWANSON,SW,NIGERIA,G86W+MW Lagos,8168709870,OFF LAWANSON ROAD SURULERE 21 ABAYOMI STREET LAWANSON LAGOS 
,IFY BAR ,BAR ,IJESHA SURULERE ,SURULERE ,IJESHA ,SW,NIGERIA,G84M+F6 Lagos,8103279268,"IJESHA , 45 OLA STREET SURULERE LAGOS "
,CHINASA BEER PALOUR ,BAR ,IJESHA SURULERE ,SURULERE ,IJESHA ,SW,NIGERIA,G82H+JM Lagos,8184504856,IJESHA 9 OMOLOLA STREET SURULERE LAGOS 
,MICHAEL BAR ,BAR ,IJESHA SURULERE ,SURULERE ,IJESHA ,SW,NIGERIA,G83J+WC Lagos,8168395385,IJESHA 12 ADEOLA STREET SURULERE LAGOS 
,ASU=BAR AND RESTAURANT ,BAR ,OJUELEGBA SURULERE,SURULERE ,OJUELEGBA ,SW,NIGERIA,G956+F2 Lagos,8033282905,"OJUELEGBA,33 IBIDUN STREET SURULERE LAGOS "
,AMAKA BAR ,BAR ,IJESHATEDO SURULERE ,SURULERE ,IJESHATEDO,SW,NIGERIA,F8WH+RC Lagos,8037263371,38 FADAHUNSI STREET IJESHATEDO 101241 LAGOS
,LEXY'S SPORT BAR ,BAR ,RANDLE AVENUE ,SURULERE ,RANDLE AVENUE ,SW,NIGERIA,G954+HV Lagos,7067868008,"68, RANDLE AVENUE SURULERE 101241 LAGOS "
,BRIDGE HOUSE LOUNGE ,LOUNGE ,102101 LAGOS,SURULERE ,SURULERE ,SW,NIGERIA,F9X4+QW Lagos,9099373351,BLOCK 5 ALH MASHA ROAD SURULERE 102101 LAGOS 
,OGUNCITY BAR AND RESTAURANT ,BAR ,IJESHATEDO SURULERE ,SURULERE ,IJESHATEDO,SW,NIGERIA,F8XH+H3 Lagos,8103680692,IJESHATEDO 3 JIMOH AGUNBIADE STREET CLOSE LAGOS 
,KANYO'S LOUNGE ,BAR ,ADENIRAN OGUNSANYA,SURULERE ,ADENIRAN OGUNSANYA ,SW,NIGERIA,F9R4+PH Lagos,8032482442,90 ADENIRAN OGUNSANYA STREET SURULERE 101241 LAGOS
,JACOIN SPORTS LOUNGE ,BAR ,101241 LAGOS ,SURULERE ,SURULERE ,SW,NIGERIA,G943+FC Lagos,8091467798,92 FALOLU ROAD SURULERE 101241 LAGOS 
,DEVILLA HUT BAR ,BAR ,IJESHATEDO SURULERE ,SURULERE ,IJESHATEDO,SW,NIGERIA,F8WQ+9R Lagos,8069727747,1 ADETOLA STREET IJESHATEDO 101241 LAGOS 
,CHIKE BAR,BAR ,SURULERE LAGOS ,SURULERE ,SURULERE,SW,NIGERIA,G966+RQ Lagos,8034610745,"Ojuelegba, 54 Ayilara St, Surulere, Lagos"
,LOUNGEHAUS SURULERE ,BAR ,101241 LAGOS ,SURULERE ,SURULERE ,SW,NIGERIA,F8WQ+P8 Lagos,9091480024,10 WILLIE OMIYI STREET SURULERE 101241 LAGOS 
,FAAJI,BAR ,ADENIRAN OGUNSANYA,SURULERE ,ADENIRAN OGUNSANYA ,SW,NIGERIA,F9V4+5V Lagos,7011223696,1 ADENIRAN OGUNSANYA  STREET SURULERE 101241 LAGOS 
,OMODOLAPO RESTAURANT ,BAR ,,SURULERE ,FUNSHO WILLIAMS AVENUE ,SW,NIGERIA,G927+J6 Lagos,8175739900,27 FUNSHO WILLIAMS AVENUE SURULERE101241 LAGOS 
,LACIBO RESTAURANT ,BAR ,101241 LAGOS ,SURULERE ,SURULERE ,SW,NIGERIA,G953+65 Lagos,9121024698,NO 59 OGUNLANA DRIVE SURULERE 101241 LAGOS 
,,,,,,,,,,
,FOOD FILLMENT ,BAR ,AYINDE GIWA STREET ,SURULERE ,SURULERE ,SW,NIGERIA,G923+W9 Lagos,8080711317,22 NBOMI OJIKE CLOSE OFF AYINDE GIWA STREET SURULERE LAGOS 
,BHEERHUGZ CAF SURULERE ,BAR ,ADENIRAN OGUNSANYA,SURULERE ,SURULERE ,SW,NIGERIA,F9R4+2V Lagos,12957866,LEISURE MALL ADENIRAN OGUNSANYA STREET LAGOS 
,INDOMIE CAF ,NOODLE SHOP,ADENIRAN OGUNSANYA,SURULERE ,ADENIRAN OGUNSANYA ,SW,NIGERIA,F9V4+PW Lagos,8177779977,FILMHOUSE CINEMAS 2ND FLOOR ADENIRAN OGUNSANYA MALL(SHOPRITE ADENIRAN OGUNSANYA STREET SURULERE LAGOS 
,SOMETHING LITE ,RESTAURANT,ITIRE SURULERE ,SURULERE ,ITIRE ,SW,NIGERIA,G974+37 Lagos,8036375107,42 ITIRE ROAD SURULERE 101241 LAGOS 
,FOOD O'CLOCK,RESTAURANT,ADENIRAN OGUNSANYA,SURULERE ,ADENIRAN OGUNSANYA ,SW,NIGERIA,F984+3J Lagos,9023431809,"84 ADENIRAN OGUNSANYA SHOPPING MALLSURULERE LAGOS, SURULERE LGA 100001 LAGOS "
,THE BUSINESS CLASS  BAR AND LOUNGE ,BAR ,ADENIRAN OGUNSANYA,SURULERE ,ADENIRAN OGUNSANYA ,SW,NIGERIA,F9R4+CG Lagos,8133030835,76 ADENIRAN OGUNSANYA STREET SURULERE 101241 LAGOS 